[{
  "_id": "093213213212",
  "email": "oceanvlogg@gmail.com",
  "__v": 0
},
{
  "_id": "0123455677",
  "email": "tramngantruong.1007@gmail.com",
  "__v": 0,
  "user_type": 2
},
{
  "_id": "012345677",
  "email": "leduchai2k3@gmail.com",
  "__v": 0
},
{
  "_id": "0372976121",
  "email": "tramngan1007@gmail.com",
  "__v": 0
},
{
  "_id": "0999999999",
  "user_type": 2,
  "__v": 0
},
{
  "_id": "0123456789",
  "email": "duchai621859@gmail.com",
  "user_type": 1
},
{
  "_id": "0123654789",
  "email": "dlb.hoang0603@gmail.com",
  "user_type": 2,
  "createdAt": {
    "$date": "2024-08-26T10:04:13.254Z"
  },
  "updatedAt": {
    "$date": "2024-08-26T10:04:13.254Z"
  },
  "__v": 0
},
{
  "_id": "0105289402",
  "email": "luuduchai.nt@gmail.com",
  "user_type": 1
}]