[{
  "_id": 1,
  "name": "Máy in tầng 1",
  "ip_address": "192.168.0.1",
  "printer_type": 1,
  "area_id": 1,
  "__v": 0
},
{
  "_id": 3,
  "name": "Máy in tầng 1",
  "ip_address": "192.168.0.1",
  "printer_type": 1,
  "area_id": 4,
  "__v": 0
},
{
  "_id": 4,
  "name": "Máy in tầng 1",
  "ip_address": "192.168.0.1",
  "printer_type": 1,
  "area_id": 5,
  "__v": 0
},
{
  "_id": 5,
  "name": "Máy in tầng 1",
  "ip_address": "192.168.0.1",
  "printer_type": 1,
  "area_id": 6,
  "__v": 0
},
{
  "_id": 6,
  "name": "Máy in tầng 2",
  "ip_address": "192.168.0.1",
  "printer_type": 1,
  "area_id": 2,
  "__v": 0
},
{
  "_id": 8,
  "name": "Máy in quầy nước",
  "ip_address": "192.168.0.3",
  "printer_type": 3,
  "__v": 0
},
{
  "_id": 2,
  "name": "Máy in tầng 1",
  "ip_address": "192.168.0.1",
  "printer_type": 1,
  "area_id": 3,
  "__v": 0
},
{
  "_id": 7,
  "name": "Máy in bếp",
  "ip_address": "192.168.0.2",
  "printer_type": 2,
  "__v": 0
},
{
  "_id": 11,
  "name": "Máy in test",
  "ip_address": "192.168.1.3",
  "printer_type": 1,
  "area_id": 2,
  "__v": 0
}]