[{
  "_id": 1,
  "name": "Khuyến mãi ngày tết",
  "status": false,
  "note": "Giảm giá 50k trên hóa đơn 500k",
  "description": "Giảm giá 50k trên hóa đơn 500k",
  "condition_apply": 500000,
  "promotion_value": "-50000",
  "start_at": {
    "$date": "2024-08-31T17:00:00.000Z"
  },
  "end_at": {
    "$date": "2024-09-08T17:00:00.000Z"
  }
},
{
  "_id": 3,
  "name": "Khuyến mãi tất cả hóa đơn",
  "status": true,
  "note": "Giảm 5% tất cả hóa đơn",
  "description": "Giảm 5% tất cả hóa đơn",
  "condition_apply": 0,
  "promotion_value": "-5%",
  "start_at": {
    "$date": "2023-12-31T17:00:00.000Z"
  },
  "end_at": {
    "$date": "2024-12-11T17:00:00.000Z"
  }
}]