[{
  "_id": 2,
  "name": "Món ngũ cốc",
  "__v": 0
},
{
  "_id": 7,
  "name": "Món trộn",
  "__v": 0
},
{
  "_id": 11,
  "name": "Sữa",
  "__v": 0
},
{
  "_id": 12,
  "name": "Trà",
  "__v": 0
},
{
  "_id": 3,
  "name": "Món xào",
  "__v": 0
},
{
  "_id": 1,
  "name": "Khai vị",
  "__v": 0
},
{
  "_id": 5,
  "name": "Món canh",
  "__v": 0
},
{
  "_id": 6,
  "name": "Lẩu",
  "__v": 0
},
{
  "_id": 8,
  "name": "Món thêm",
  "__v": 0
},
{
  "_id": 10,
  "name": "Nước ngọt",
  "__v": 0
},
{
  "_id": 4,
  "name": "Món kho",
  "__v": 0
},
{
  "_id": 9,
  "name": "Nước trái cây",
  "__v": 0
},
{
  "_id": 16,
  "name": "test",
  "__v": 0
}]