[{
  "_id": 1,
  "name": "Gỏi cuốn sốt đậu phộng",
  "description": "Với các nguyên liệu thanh đạm, và đặc biệt là nước chấm “xốt đậu phộng” béo béo, bùi bùi làm món Gỏi Cuốn Chay thêm ngon, ăn hoài không chán đó nha!",
  "image": "https://res.cloudinary.com/dmjsmmt3h/image/upload/v1709926819/wpu3gkpkqqpn4zgbbczs.jpg",
  "price": 90000,
  "status": true,
  "category_id": 1,
  "menu_type": 1,
  "__v": 0,
  "rating_average": 4.9,
  "rating_count": 9,
  "rating_sum": 44,
  "rating_pages": 1,
  "discount_price": 36000,
  "discount_end": {
    "$date": "2024-09-27T00:00:00.000Z"
  },
  "discount_start": {
    "$date": "2024-09-12T00:00:00.000Z"
  }
},
{
  "_id": 3,
  "name": "Đậu hũ chiên giòn",
  "description": "Đậu hũ chiên là món quen thuộc trong bữa cơm gia đình đặc biệt nó còn là món yêu thích của các bạn thích bún đậu mắm tôm",
  "image": "https://res.cloudinary.com/dmjsmmt3h/image/upload/v1709927368/m0qko4lo64gfcikvlcud.png",
  "price": 30000,
  "status": true,
  "category_id": 1,
  "menu_type": 1,
  "__v": 0,
  "rating_average": 4.3,
  "rating_count": 3,
  "rating_pages": 1,
  "rating_sum": 13,
  "discount_end": {
    "$date": "2024-09-19T00:00:00.000Z"
  },
  "discount_price": 24000,
  "discount_start": {
    "$date": "2024-09-12T00:00:00.000Z"
  }
},
{
  "_id": 4,
  "name": "Bông cải xào tỏi",
  "description": "Bông cải xanh xào tỏi là món đơn giản từ bông cải xanh, bông cải xanh xào vừa chín tới cùng với vị thơm từ tỏi hòa cùng với nhau rất bắt vị",
  "image": "https://res.cloudinary.com/dmjsmmt3h/image/upload/v1709927628/psciktiykhjoibcastbf.jpg",
  "price": 70000,
  "status": true,
  "category_id": 1,
  "menu_type": 1,
  "__v": 0,
  "rating_average": 5,
  "rating_count": 16,
  "rating_sum": 80,
  "rating_pages": 2
},
{
  "_id": 9,
  "name": "Mì xào thập cẩm",
  "description": "Cách làm mì xào thập cẩm thường bắt đầu bằng việc chiên các loại thập cẩm trong dầu nóng cho đến khi chín và thơm. Sau đó, mì được thêm vào và xào chung với các nguyên liệu khác. Một số thực khách có thể thích thêm sốt để gia vị hoặc ẩm thực cụ thể",
  "image": "https://res.cloudinary.com/dmjsmmt3h/image/upload/v1709928672/j3ge9eigsfzgzcrsupe7.png",
  "price": 47000,
  "status": true,
  "category_id": 2,
  "menu_type": 1,
  "__v": 0,
  "rating_average": 5,
  "rating_count": 1,
  "rating_pages": 1,
  "rating_sum": 5
},
{
  "_id": 17,
  "name": "Sườn non chay rim chua ngọt",
  "description": "Sườn non chay rim chua ngọt là một món ăn chay phổ biến trong ẩm thực Việt Nam, mang hương vị đặc trưng của sườn non và sự kết hợp giữa vị chua của giấm và vị ngọt của đường. Đây là một món ăn chay thơm ngon và hấp dẫn, thích hợp cho cả người ăn chay và người không ăn thịt.",
  "image": "https://res.cloudinary.com/dmjsmmt3h/image/upload/v1709962019/yszgzneidh5tcazfkj1z.jpg",
  "price": 110000,
  "status": true,
  "category_id": 4,
  "menu_type": 1,
  "__v": 0
},
{
  "_id": 19,
  "name": "Canh bông hẹ đậu hũ",
  "description": "Canh bông hẹ đậu hũ là một món canh truyền thống trong ẩm thực Việt Nam, kết hợp giữa hương vị tươi mát của bông hẹ, sự thơm ngon của đậu hũ và hương vị đậm đà của nước dùng. Đây là một món canh nhẹ nhàng, bổ dưỡng và rất phổ biến trong các bữa ăn gia đình",
  "image": "https://res.cloudinary.com/dmjsmmt3h/image/upload/v1709962237/vrmmalmsygvoiqc8elol.jpg",
  "price": 37000,
  "status": true,
  "category_id": 5,
  "menu_type": 1,
  "__v": 0,
  "rating_average": 4.1,
  "rating_count": 17,
  "rating_sum": 69,
  "rating_pages": 2
},
{
  "_id": 22,
  "name": "Lẩu nấm thập cẩm",
  "description": "Lẩu nấm thập cẩm là một món ăn phổ biến trong ẩm thực Á Đông, đặc biệt là ở các nước như Trung Quốc, Nhật Bản và Hàn Quốc. Món này thường được chế biến từ các loại nấm khác nhau cùng các loại rau củ và thực phẩm khác, tạo nên một tô lẩu đậm đà, thơm ngon và bổ dưỡng",
  "image": "https://res.cloudinary.com/dmjsmmt3h/image/upload/v1709962555/hchwmka93aum1o60ggur.png",
  "price": 157000,
  "status": true,
  "category_id": 6,
  "menu_type": 1,
  "__v": 0,
  "rating_average": 5,
  "rating_count": 1,
  "rating_pages": 1,
  "rating_sum": 5
},
{
  "_id": 23,
  "name": "Lẩu nhiệt đới",
  "description": "Lẩu nhiệt đới là một món ăn phổ biến và thú vị, thường được tìm thấy trong các nhà hàng và buổi tiệc ở các khu vực có khí hậu nhiệt đới. Món này thường kết hợp nhiều loại thực phẩm và gia vị từ các vùng đất nhiệt đới, tạo ra một hương vị đa dạng, phong phú và đầy màu sắc",
  "image": "https://res.cloudinary.com/dmjsmmt3h/image/upload/v1709962648/b1tyf3rqjg9wan9fyuyg.jpg",
  "price": 180000,
  "status": true,
  "category_id": 6,
  "menu_type": 1,
  "__v": 0,
  "rating_average": 4,
  "rating_count": 1,
  "rating_pages": 1,
  "rating_sum": 4
},
{
  "_id": 25,
  "name": "Gỏi chôm chôm chua ngọt",
  "description": "Món gỏi chôm chôm chua ngọt thường là một lựa chọn bổ dưỡng và thú vị trong các bữa ăn gia đình và buổi gặp gỡ bạn bè. Hương vị chua ngọt, mát lạnh của gỏi chôm chôm sẽ chinh phục được cả những thực khách khó tính nhất",
  "image": "https://res.cloudinary.com/dmjsmmt3h/image/upload/v1709962860/sjtoh7b19wttgbntktjy.jpg",
  "price": 82000,
  "status": true,
  "category_id": 7,
  "menu_type": 1,
  "__v": 0
},
{
  "_id": 27,
  "name": "Cơm thêm",
  "description": "Cơm thêm",
  "image": "https://res.cloudinary.com/dmjsmmt3h/image/upload/v1709963082/xcq5ccsprwtz9osmlwsv.jpg",
  "price": 10000,
  "status": true,
  "category_id": 8,
  "menu_type": 1,
  "__v": 0,
  "rating_average": 5,
  "rating_count": 1,
  "rating_pages": 1,
  "rating_sum": 5
},
{
  "_id": 29,
  "name": "Rau thêm",
  "description": "Rau thêm",
  "image": "https://res.cloudinary.com/dmjsmmt3h/image/upload/v1709963196/ujncxuowx7zfswwdqq8e.jpg",
  "price": 10000,
  "status": true,
  "category_id": 8,
  "menu_type": 1,
  "__v": 0
},
{
  "_id": 5,
  "name": "Khoai tây chiên bơ",
  "description": "Khoai tây chiên bơ là một món ăn vặt hấp dẫn với vẻ ngoài vàng rượm, lại vừa giòn vừa thơm kết hợp cùng vị cay cay của tương ớt tạo nên một hương vị ngon khó cưỡng. Ngoài là món ăn ngon thì khoai tây còn có nhiều lợi ích với sức khoẻ",
  "image": "https://res.cloudinary.com/dmjsmmt3h/image/upload/v1709927804/oh1rvtrxuci4ishj44j8.jpg",
  "price": 45000,
  "status": true,
  "category_id": 1,
  "menu_type": 1,
  "__v": 0
},
{
  "_id": 6,
  "name": "Cơm chiên thượng hải",
  "description": "Cơm chiên Thượng Hải thường được làm từ cơm trắng đã nấu chín và cắt nhỏ, sau đó được xào chung với các nguyên liệu như thịt heo, tôm, trứng, rau cải, hành tây và gia vị như dầu mè, dầu mè trắng, dầu mỡ hành, nước tương, và gia vị khác",
  "image": "https://res.cloudinary.com/dmjsmmt3h/image/upload/v1709928190/b4rwmymiig6kska3xo2h.jpg",
  "price": 75000,
  "status": true,
  "category_id": 2,
  "menu_type": 1,
  "__v": 0,
  "rating_average": 4,
  "rating_count": 1,
  "rating_pages": 1,
  "rating_sum": 4
},
{
  "_id": 8,
  "name": "Bánh ướt",
  "description": "Bánh ướt là một món ăn truyền thống của ẩm thực Việt Nam, được làm từ gạo và thường được ăn vào bữa sáng hoặc buổi tối. \"Bánh ướt\" có nguồn gốc từ cách nấu gạo thành một loại bánh mỏng và mềm mịn, được phủ bằng một lớp giấy dễ gập và cắt thành từng miếng nhỏ",
  "image": "https://res.cloudinary.com/dmjsmmt3h/image/upload/v1709928475/zizp2iyykp7voglkd7hf.jpg",
  "price": 50000,
  "status": true,
  "category_id": 2,
  "menu_type": 1,
  "__v": 0,
  "rating_average": 5,
  "rating_count": 2,
  "rating_pages": 1,
  "rating_sum": 10
},
{
  "_id": 10,
  "name": "Ngó sen xào nấm",
  "description": "Ngó sen xào nấm là món chay xào với hai nguyên liệu chính là nấm và ngó sen, điểm thêm chút màu sắc của cà rốt để hấp dẫn hơn",
  "image": "https://res.cloudinary.com/dmjsmmt3h/image/upload/v1709961190/k74lre3ekvcrxner1vaz.jpg",
  "price": 55000,
  "status": true,
  "category_id": 3,
  "menu_type": 1,
  "__v": 0
},
{
  "_id": 13,
  "name": "Rong biển xào xả",
  "description": "Rong biển xào xả là một món ăn phổ biến trong ẩm thực Việt Nam, kết hợp giữa rong biển và mùi thơm của lá xả tạo nên một hương vị độc đáo và hấp dẫn. Đây cũng là một món ăn chay phổ biến và giàu dinh dưỡng",
  "image": "https://res.cloudinary.com/dmjsmmt3h/image/upload/v1709961573/it8zw5dzm1hbw0ocfyh6.jpg",
  "price": 53000,
  "status": false,
  "category_id": 3,
  "menu_type": 1,
  "__v": 0
},
{
  "_id": 15,
  "name": "Chân nấm kho gừng",
  "description": "Chân nấm kho gừng là một món ăn truyền thống trong ẩm thực Việt Nam, mang hương vị đặc trưng của nấm cùng với hương thơm và vị độc đáo của gừng",
  "image": "https://res.cloudinary.com/dmjsmmt3h/image/upload/v1709961836/wgkbafdqjfavdw5qolqf.jpg",
  "price": 57000,
  "status": true,
  "category_id": 4,
  "menu_type": 1,
  "__v": 0,
  "rating_average": 4,
  "rating_count": 1,
  "rating_pages": 1,
  "rating_sum": 4
},
{
  "_id": 28,
  "name": "Bún thêm",
  "description": "Bún thêm",
  "image": "https://res.cloudinary.com/dmjsmmt3h/image/upload/v1709963152/zxudxy9sk0ko1ss555sm.jpg",
  "price": 10000,
  "status": true,
  "category_id": 8,
  "menu_type": 1,
  "__v": 0,
  "rating_average": 5,
  "rating_count": 1,
  "rating_pages": 1,
  "rating_sum": 5
},
{
  "_id": 31,
  "name": "Dừa tươi",
  "description": "Dừa tươi là một loại trái cây tự nhiên và bổ dưỡng, thường được ưa chuộng để thưởng thức trực tiếp hoặc sử dụng trong nhiều món ăn và đồ uống khác nhau",
  "image": "https://res.cloudinary.com/dmjsmmt3h/image/upload/v1709963513/aeifug0uygg16u1t5yis.jpg",
  "price": 35000,
  "status": false,
  "category_id": 9,
  "menu_type": 2,
  "__v": 0
},
{
  "_id": 36,
  "name": "Sữa chua trái cây",
  "description": "Sữa chua trái cây là một món ăn nhẹ và bổ dưỡng được làm từ sự kết hợp giữa sữa chua và các loại trái cây tươi",
  "image": "https://res.cloudinary.com/dmjsmmt3h/image/upload/v1709963879/j7qobjwhoc96mifts0cy.png",
  "price": 35000,
  "status": true,
  "category_id": 11,
  "menu_type": 2,
  "__v": 0
},
{
  "_id": 37,
  "name": "Sữa đậu nành",
  "description": "Sữa đậu nành là một thay thế sức khỏe cho sữa từ sữa bò, đặc biệt phù hợp cho những người ăn chay, người không dung nạp được lactose, và những ai quan tâm đến sức khỏe của mình",
  "image": "https://res.cloudinary.com/dmjsmmt3h/image/upload/v1709963942/jtyne1dvwd7nhnclw2d3.jpg",
  "price": 30000,
  "status": true,
  "category_id": 11,
  "menu_type": 2,
  "__v": 0
},
{
  "_id": 39,
  "name": "Trà chanh thái đỏ",
  "description": "Trà chanh thái đỏ là một biến thể độc đáo của trà chanh truyền thống, nổi tiếng với màu sắc và hương vị tươi mát, cũng như lợi ích sức khỏe từ thành phần chính là trà và chanh",
  "image": "https://res.cloudinary.com/dmjsmmt3h/image/upload/v1709964138/gpsh1htiuiodqklmixga.jpg",
  "price": 39000,
  "status": true,
  "category_id": 12,
  "menu_type": 2,
  "__v": 0,
  "rating_average": 5,
  "rating_count": 1,
  "rating_pages": 1,
  "rating_sum": 5
},
{
  "_id": 2,
  "name": "Chả giò",
  "description": "Chả giò là món ăn cực kỳ phổ biến tại Việt Nam. Một cuốn chả giò thơm sẽ là sự kết hợp giữa phần nhân tròn vị và phần bánh tráng giòn tan",
  "image": "https://res.cloudinary.com/dmjsmmt3h/image/upload/v1709927150/fm6hiqag2rcfhmyvu6o5.jpg",
  "price": 80000,
  "status": true,
  "category_id": 1,
  "menu_type": 1,
  "__v": 0,
  "discount_price": 72000,
  "rating_average": 4,
  "rating_count": 3,
  "rating_sum": 12,
  "rating_pages": 1,
  "discount_end": {
    "$date": "2024-12-12T00:00:00.000Z"
  },
  "discount_start": {
    "$date": "2024-01-01T00:00:00.000Z"
  }
},
{
  "_id": 7,
  "name": "Bún chả giò",
  "description": "Khi thưởng thức bún chả giò, người ta thường đặt bún vào tô, thêm chả giò chiên giòn lên trên, và kèm theo rau sống như rau sống, rau mầm, và các loại rau xanh khác. Bún chả giò thường được ăn kèm với nước mắm pha chua ngọt và có thể được thêm chút giấm, tỏi và ớt theo khẩu vị",
  "image": "https://res.cloudinary.com/dmjsmmt3h/image/upload/v1709928402/fh6m9ejxkfppnryqlq79.jpg",
  "price": 65000,
  "status": true,
  "category_id": 2,
  "menu_type": 1,
  "__v": 0,
  "rating_average": 5,
  "rating_count": 1,
  "rating_pages": 1,
  "rating_sum": 5
},
{
  "_id": 11,
  "name": "Vịt chay xào",
  "description": "Vịt chay xào lăn và xào gừng với hương vị đậm đà, thơm ngon, hấp dẫn chắc chắn sẽ sẽ khiến cho những bữa ăn chay của gia đình bạn thêm phần ấm áp",
  "image": "https://res.cloudinary.com/dmjsmmt3h/image/upload/v1709961331/psgmvtlnaqkptzax6pgp.jpg",
  "price": 85000,
  "status": true,
  "category_id": 3,
  "menu_type": 1,
  "__v": 0,
  "discount_price": null
},
{
  "_id": 12,
  "name": "Nấm xào chay",
  "description": "Nấm xào chay rất thơm, việc kết hợp xào nấm cùng với các loại rau củ quả khác giúp cho món xào này hấp dẫn về cả hương vị và màu sắc, hình thức",
  "image": "https://res.cloudinary.com/dmjsmmt3h/image/upload/v1709961437/piqdozqd4rzz1s5ma979.jpg",
  "price": 70000,
  "status": true,
  "category_id": 3,
  "menu_type": 1,
  "__v": 0
},
{
  "_id": 20,
  "name": "Canh cải chua tứ xuyên",
  "description": "Canh cải chua tứ xuyên là một món canh truyền thống đặc trưng của vùng miền Tứ Xuyên ở Trung Quốc. Món này thường được biết đến với hương vị chua chua, cay cay, ngọt ngọt, và có sự hòa quện giữa cải chua và các loại gia vị đặc trưng",
  "image": "https://res.cloudinary.com/dmjsmmt3h/image/upload/v1709962322/znsrm9jkpore10svnxre.jpg",
  "price": 46000,
  "status": true,
  "category_id": 5,
  "menu_type": 1,
  "__v": 0
},
{
  "_id": 26,
  "name": "Xà lách trộn",
  "description": "Xà lách trộn là một món salad phổ biến và rất được ưa chuộng trên toàn thế giới. Món salad này thường được làm từ xà lách và các nguyên liệu khác như rau củ, hoa quả, hạt, và sốt, tạo ra một hương vị độc đáo và bổ dưỡng",
  "image": "https://res.cloudinary.com/dmjsmmt3h/image/upload/v1709963002/clgd9gkd0quhgdajtwtl.png",
  "price": 45000,
  "status": true,
  "category_id": 7,
  "menu_type": 1,
  "__v": 0
},
{
  "_id": 30,
  "name": "Cam cà rốt",
  "description": "Nước ép cam cà rốt là một đồ uống bổ dưỡng và ngon miệng, kết hợp hài hòa giữa vị ngọt tự nhiên của cà rốt và vị chua ngọt của cam",
  "image": "https://res.cloudinary.com/dmjsmmt3h/image/upload/v1709963424/clhmpc13wom1tyidg7am.png",
  "price": 40000,
  "status": true,
  "category_id": 9,
  "menu_type": 2,
  "__v": 0,
  "rating_average": 5,
  "rating_count": 1,
  "rating_pages": 1,
  "rating_sum": 5
},
{
  "_id": 32,
  "name": "Nha đam hạt chia",
  "description": "Nha đam hạt chia là một lựa chọn đồ uống và thực phẩm bổ dưỡng, giàu chất xơ và omega-3, giúp cung cấp năng lượng và duy trì sức khỏe tốt cho cơ thể. Đồ uống này thường được thưởng thức vào bất kỳ thời gian nào trong ngày và là một phần của chế độ ăn uống lành mạnh",
  "image": "https://res.cloudinary.com/dmjsmmt3h/image/upload/v1709963579/ydpbeervkbvmacmm31km.jpg",
  "price": 45000,
  "status": true,
  "category_id": 9,
  "menu_type": 2,
  "__v": 0,
  "rating_average": 4,
  "rating_count": 17,
  "rating_sum": 68,
  "rating_pages": 2
},
{
  "_id": 34,
  "name": "7up",
  "description": "Free chất xơ",
  "image": "https://res.cloudinary.com/dmjsmmt3h/image/upload/v1709963734/zvvhxmzwndcakfh0j5uv.png",
  "price": 15000,
  "status": true,
  "category_id": 10,
  "menu_type": 2,
  "__v": 0,
  "rating_average": 5,
  "rating_count": 1,
  "rating_pages": 1,
  "rating_sum": 5
},
{
  "_id": 35,
  "name": "Sting",
  "description": "Sting",
  "image": "https://res.cloudinary.com/dmjsmmt3h/image/upload/v1709963793/mo5beibajun9pgddnpq2.jpg",
  "price": 15000,
  "status": true,
  "category_id": 10,
  "menu_type": 2,
  "__v": 0
},
{
  "_id": 40,
  "name": "Trà vải cam sả",
  "description": "Trà vải cam sả là một loại đồ uống truyền thống của nhiều vùng miền, nổi tiếng với hương vị tươi mát và sự kết hợp độc đáo giữa vải, cam và sả",
  "image": "https://res.cloudinary.com/dmjsmmt3h/image/upload/v1709964231/lvwxg4lozvpwzdw6zwho.png",
  "price": 40000,
  "status": true,
  "category_id": 12,
  "menu_type": 2,
  "__v": 0
},
{
  "_id": 14,
  "name": "Đậu hũ kho nấm rơm",
  "description": "Đậu hũ kho nấm rơm là một món ăn chay phổ biến trong ẩm thực Việt Nam, kết hợp giữa đậu hũ mềm mại và hương vị thơm ngon của nấm rơm",
  "image": "https://res.cloudinary.com/dmjsmmt3h/image/upload/v1709961717/yzojgky2yeckykuxfhmc.jpg",
  "price": 45000,
  "status": true,
  "category_id": 4,
  "menu_type": 1,
  "__v": 0
},
{
  "_id": 16,
  "name": "Chả lụa kho tiêu",
  "description": "Chả lụa kho tiêu là một món ăn truyền thống trong ẩm thực Việt Nam, kết hợp giữa vị thơm của chả lụa và hương vị đặc trưng của tiêu. Đây là một món ăn đơn giản nhưng ngon miệng và phổ biến trong các bữa ăn gia đình",
  "image": "https://res.cloudinary.com/dmjsmmt3h/image/upload/v1709961929/l9dqtk5kg87mdzxj6ywz.jpg",
  "price": 92000,
  "status": true,
  "category_id": 4,
  "menu_type": 1,
  "__v": 0
},
{
  "_id": 18,
  "name": "Tôm chay kho tàu",
  "description": "Tôm kho tàu chay là một món ăn chay phổ biến trong ẩm thực Việt Nam, mang hương vị đặc trưng của tôm kết hợp với sự ngọt tự nhiên của nước dừa và hương vị độc đáo của các gia vị. Đây là một món ăn thơm ngon, giàu dinh dưỡng và thích hợp cho cả những người ăn chay và không ăn chay",
  "image": "https://res.cloudinary.com/dmjsmmt3h/image/upload/v1709962129/xmfldqpngkx75gjnl1xr.jpg",
  "price": 120000,
  "status": true,
  "category_id": 4,
  "menu_type": 1,
  "__v": 0
},
{
  "_id": 21,
  "name": "Canh khổ qua",
  "description": "Canh khổ qua không chỉ là một món ăn bổ dưỡng mà còn là biểu tượng của ẩm thực dân dã, gần gũi và đậm đà của người Việt Nam. Hương vị đặc trưng của món canh này không chỉ thu hút khẩu vị mà còn mang đến cảm giác ấm áp và quen thuộc đối với người thưởng thức",
  "image": "https://res.cloudinary.com/dmjsmmt3h/image/upload/v1709962427/rrerp46z1ovzzvhezqct.jpg",
  "price": 52000,
  "status": true,
  "category_id": 5,
  "menu_type": 1,
  "__v": 0
},
{
  "_id": 24,
  "name": "Gỏi xoài khô mặn",
  "description": "Gỏi xoài khô mặn là một món ăn truyền thống ở nhiều vùng miền Việt Nam. Món này kết hợp giữa hương vị chua, mặn, ngọt, cay của các nguyên liệu như xoài khô, tôm khô, thịt khô và gia vị, tạo nên một hương vị đặc trưng và hấp dẫn",
  "image": "https://res.cloudinary.com/dmjsmmt3h/image/upload/v1709962728/a43ty7ndvoakhk4o1jbo.jpg",
  "price": 57000,
  "status": true,
  "category_id": 7,
  "menu_type": 1,
  "__v": 0
},
{
  "_id": 33,
  "name": "Coca",
  "description": "Coca Zero Sugar",
  "image": "https://res.cloudinary.com/dmjsmmt3h/image/upload/v1709963677/mbwgkpouaw2frpsbmwb1.jpg",
  "price": 15000,
  "status": true,
  "category_id": 10,
  "menu_type": 2,
  "__v": 0
},
{
  "_id": 38,
  "name": "Trà trái cây nhiệt đới",
  "description": "Trà trái cây nhiệt đới là một đồ uống phổ biến được pha chế từ trà đen hoặc trà xanh kết hợp với hương vị tự nhiên và tươi mát của các loại trái cây nhiệt đới",
  "image": "https://res.cloudinary.com/dmjsmmt3h/image/upload/v1709964064/gdfxyupsjsugb31y8hs9.jpg",
  "price": 43000,
  "status": true,
  "category_id": 12,
  "menu_type": 2,
  "__v": 0
},
{
  "_id": 42,
  "name": "món test 1",
  "description": "1223123",
  "image": "https://res.cloudinary.com/dmjsmmt3h/image/upload/v1724556361/vlo96encmhusingem6hz.png",
  "price": 12345,
  "status": true,
  "category_id": 16,
  "menu_type": 1,
  "rating_sum": 0,
  "rating_count": 0,
  "rating_average": 0,
  "rating_pages": 0,
  "__v": 0
},
{
  "_id": 43,
  "name": "test món 2",
  "description": "demo",
  "image": "https://res.cloudinary.com/dmjsmmt3h/image/upload/v1724556505/nfpxgrtjwnibdrvxjiab.png",
  "price": 234343,
  "status": true,
  "category_id": 11,
  "menu_type": 2,
  "rating_sum": 0,
  "rating_count": 0,
  "rating_average": 0,
  "rating_pages": 0,
  "__v": 0
},
{
  "_id": 44,
  "name": "Test món 2",
  "description": "undefined",
  "image": "https://res.cloudinary.com/dmjsmmt3h/image/upload/v1725704193/ndfcwmwffvnzpdmqvjtt.jpg",
  "price": 20000,
  "status": true,
  "category_id": 12,
  "menu_type": 2,
  "rating_sum": 0,
  "rating_count": 0,
  "rating_average": 0,
  "rating_pages": 0,
  "__v": 0
},
{
  "_id": 45,
  "name": "demo 1",
  "description": "demo",
  "image": "https://res.cloudinary.com/dmjsmmt3h/image/upload/v1725783828/o0cke3p8cgccqav2u6tg.jpg",
  "price": 455,
  "status": true,
  "category_id": 1,
  "menu_type": 1,
  "rating_sum": 0,
  "rating_count": 0,
  "rating_average": 0,
  "rating_pages": 0,
  "__v": 0
}]