user,item,gender,birthday,item_name,item_price,label,category_id,category_name,time
0581702741,31,Male,1978-12-15,Dừa tươi,35000,4,9,Nước trái cây,2023-06-14 22:54:26
0250860901,3,Female,2000-07-14,Đậu hũ chiên giòn,30000,3,1,Khai vị,2024-04-13 04:26:03
0164718485,40,Male,1998-07-28,Trà vải cam sả,40000,1,12,Trà,2024-04-03 07:08:50
0155591228,3,Female,2003-11-17,Đậu hũ chiên giòn,30000,2,1,Khai vị,2023-01-29 00:29:19
0438370458,12,Male,1977-07-26,Nấm xào chay,70000,5,3,Món xào,2024-05-06 07:28:24
0578285658,8,Female,1981-01-06,Bánh ướt,50000,1,2,Món ngũ cốc,2023-03-31 22:20:23
0896049281,30,Female,2003-09-21,Cam cà rốt,40000,2,9,Nước trái cây,2023-05-06 18:10:37
0299428599,3,Female,2014-03-08,Đậu hũ chiên giòn,30000,4,1,Khai vị,2024-01-03 15:55:04
0748857472,14,Female,2002-10-21,Đậu hũ kho nấm rơm,45000,1,4,Món kho,2023-09-03 19:08:06
0258483422,7,Male,1970-11-05,Bún chả giò,65000,3,2,Món ngũ cốc,2023-01-03 22:44:17
0288164159,40,Female,1974-08-30,Trà vải cam sả,40000,3,12,Trà,2023-11-18 16:09:53
0522141779,27,Male,1972-04-08,Cơm thêm,10000,1,8,Món thêm,2023-09-16 04:04:42
0748857472,14,Female,2005-11-14,Đậu hũ kho nấm rơm,45000,1,4,Món kho,2023-05-07 00:08:18
0937724423,40,Female,1986-06-20,Trà vải cam sả,40000,2,12,Trà,2024-03-28 08:52:03
0756060349,37,Female,1970-09-10,Sữa đậu nành,35000,1,11,Sữa,2023-03-08 12:20:10
0809853133,1,Female,2006-08-26,Gỏi cuốn sốt đậu phộng,90000,3,1,Khai vị,2023-01-21 21:29:30
0726539476,10,Female,2012-02-05,Ngó sen xào nấm,55000,5,3,Món xào,2024-04-16 12:14:02
0733524171,2,Female,2008-10-21,Chả giò,80000,4,1,Khai vị,2023-07-21 16:45:01
0291506024,36,Male,2003-11-08,Sữa chua trái cây,35000,2,11,Sữa,2023-03-22 19:21:26
0315397843,37,Female,1976-12-19,Sữa đậu nành,35000,4,11,Sữa,2023-03-06 01:02:57
0450495295,33,Female,1981-11-24,Coca,15000,5,10,Nước ngọt,2024-04-04 23:48:30
0891456670,34,Male,2004-05-19,7up,15000,4,10,Nước ngọt,2023-02-11 22:52:11
0181804571,27,Female,1979-08-27,Cơm thêm,10000,4,8,Món thêm,2023-06-02 03:06:14
0716892682,16,Male,1977-01-08,Chả lụa kho tiêu,92000,2,4,Món kho,2023-06-18 22:27:56
0108794091,26,Male,1970-04-04,Xà lách trộn,45000,2,7,Món trộn,2023-12-18 17:54:52
0819852682,35,Male,2011-05-24,Sting,15000,1,10,Nước ngọt,2023-04-05 10:32:10
0604426601,4,Male,2008-12-21,Bông cải xào tỏi,70000,3,1,Khai vị,2023-11-09 16:47:34
0726539476,8,Male,1995-06-30,Bánh ướt,50000,1,2,Món ngũ cốc,2024-06-23 00:29:27
0784122396,23,Female,1989-08-23,Lẩu nhiệt đới,180000,4,6,Lẩu,2024-02-20 01:15:38
0250860901,28,Male,1994-05-14,Bún thêm,10000,3,8,Món thêm,2023-07-14 13:22:06
0656214837,10,Female,1985-01-02,Ngó sen xào nấm,55000,2,3,Món xào,2023-07-09 06:00:23
0624053847,30,Male,1988-07-13,Cam cà rốt,40000,1,9,Nước trái cây,2024-06-28 13:28:28
0820967344,10,Male,2007-12-08,Ngó sen xào nấm,55000,5,3,Món xào,2023-03-14 14:35:07
0336371244,7,Female,1989-04-15,Bún chả giò,65000,1,2,Món ngũ cốc,2024-07-02 14:38:52
0748857472,6,Male,2013-02-28,Cơm chiên thượng hải,75000,5,2,Món ngũ cốc,2024-03-01 16:07:38
0624053847,30,Male,1971-10-23,Cam cà rốt,40000,2,9,Nước trái cây,2023-09-29 13:57:59
0732630255,38,Female,1970-06-07,Trà trái cây nhiệt đới,43000,4,12,Trà,2023-12-16 06:15:38
0863815256,7,Male,1990-02-27,Bún chả giò,65000,4,2,Món ngũ cốc,2024-05-28 04:30:05
0757688410,10,Male,2011-04-24,Ngó sen xào nấm,55000,3,3,Món xào,2023-09-25 07:14:08
0937724423,32,Female,1989-11-01,Nha đam hạt chia,45000,5,9,Nước trái cây,2024-07-04 15:20:48
0332012203,27,Male,1980-08-12,Cơm thêm,10000,4,8,Món thêm,2024-02-11 20:39:09
0748857472,24,Female,2003-07-16,Gỏi xoài khô mặn,57000,1,7,Món trộn,2023-11-26 12:02:34
0438327238,3,Male,1980-03-15,Đậu hũ chiên giòn,30000,3,1,Khai vị,2023-08-10 09:19:01
0356020596,34,Male,1982-04-15,7up,15000,4,10,Nước ngọt,2023-10-04 17:15:59
0258483422,23,Female,2010-06-14,Lẩu nhiệt đới,180000,3,6,Lẩu,2024-02-02 19:55:39
0525595296,17,Female,1999-05-28,Sườn non chay rim chua ngọt,110000,3,4,Món kho,2023-06-21 07:51:51
0438327238,30,Male,1984-06-27,Cam cà rốt,40000,4,9,Nước trái cây,2023-02-06 21:24:07
0581702741,31,Female,2013-08-27,Dừa tươi,35000,2,9,Nước trái cây,2023-05-03 23:33:43
0213844818,15,Male,2008-11-06,Chân nấm kho gừng,57000,4,4,Món kho,2023-08-27 03:45:29
0288164159,26,Male,2002-02-13,Xà lách trộn,45000,5,7,Món trộn,2023-04-25 17:38:29
0604426601,38,Male,1975-03-16,Trà trái cây nhiệt đới,43000,5,12,Trà,2024-01-05 18:36:12
0551655336,33,Male,1979-10-17,Coca,15000,4,10,Nước ngọt,2023-09-01 09:16:53
0613773693,15,Male,1984-04-01,Chân nấm kho gừng,57000,2,4,Món kho,2024-04-24 20:55:38
0891456670,40,Female,1983-04-27,Trà vải cam sả,40000,1,12,Trà,2024-03-28 03:52:10
0588733692,6,Female,2013-01-27,Cơm chiên thượng hải,75000,3,2,Món ngũ cốc,2023-07-14 19:14:28
0171439591,26,Male,1970-08-07,Xà lách trộn,45000,3,7,Món trộn,2023-05-12 10:38:00
0394807538,8,Male,1993-02-12,Bánh ướt,50000,4,2,Món ngũ cốc,2024-06-26 15:23:56
0438370458,8,Female,1979-11-27,Bánh ướt,50000,3,2,Món ngũ cốc,2023-12-21 04:57:43
0784122396,1,Male,1996-08-28,Gỏi cuốn sốt đậu phộng,90000,2,1,Khai vị,2024-06-20 19:18:02
0347326507,9,Male,1988-03-30,Mì xào thập cẩm,47000,1,2,Món ngũ cốc,2023-07-28 08:31:26
0438327238,16,Male,2005-12-25,Chả lụa kho tiêu,92000,2,4,Món kho,2024-04-28 07:50:19
0252048003,29,Male,1979-06-06,Rau thêm,10000,1,8,Món thêm,2024-02-19 17:58:23
0336371244,23,Male,1985-12-17,Lẩu nhiệt đới,180000,2,6,Lẩu,2023-10-25 11:30:06
0817793216,9,Male,2004-04-26,Mì xào thập cẩm,47000,3,2,Món ngũ cốc,2024-01-03 08:58:06
0581702741,20,Male,1977-04-24,Canh cải chua tứ xuyên,46000,4,5,Món canh,2023-09-30 14:58:01
0524494474,39,Female,2013-08-17,Trà chanh thái đỏ,39000,5,12,Trà,2023-06-24 20:01:00
0347326507,3,Female,1987-09-28,Đậu hũ chiên giòn,30000,1,1,Khai vị,2024-02-14 21:19:06
0993886318,15,Male,1985-02-04,Chân nấm kho gừng,57000,5,4,Món kho,2023-09-07 16:24:34
0328439791,17,Male,1992-12-22,Sườn non chay rim chua ngọt,110000,2,4,Món kho,2023-07-06 18:58:11
0680796250,5,Male,2011-05-13,Khoai tây chiên bơ,45000,2,1,Khai vị,2023-08-25 03:15:16
0356020596,27,Male,1993-04-25,Cơm thêm,10000,1,8,Món thêm,2023-06-24 11:54:29
0336371244,19,Male,1986-12-04,Canh bông hẹ đậu hũ,37000,3,5,Món canh,2023-06-22 14:36:00
0748857472,13,Male,1988-02-26,Rong biển xào xả,53000,4,3,Món xào,2024-05-01 02:49:58
0637185453,32,Female,1973-04-22,Nha đam hạt chia,45000,3,9,Nước trái cây,2023-08-24 23:09:59
0524494474,1,Male,1972-05-24,Gỏi cuốn sốt đậu phộng,90000,1,1,Khai vị,2023-11-18 23:32:54
0315397843,21,Male,1990-03-11,Canh khổ qua,52000,1,5,Món canh,2023-03-12 19:11:50
0299428599,36,Female,1979-03-12,Sữa chua trái cây,35000,3,11,Sữa,2023-05-15 20:45:56
0438327238,1,Male,1983-07-19,Gỏi cuốn sốt đậu phộng,90000,2,1,Khai vị,2024-02-09 20:52:41
0347326507,11,Male,1980-05-23,Vịt chay xào,85000,1,3,Món xào,2024-05-18 08:52:34
0438331021,36,Male,1971-03-02,Sữa chua trái cây,35000,2,11,Sữa,2023-07-06 06:32:03
0955845294,12,Female,1970-04-05,Nấm xào chay,70000,1,3,Món xào,2024-01-30 04:19:34
0450495295,3,Male,2003-07-16,Đậu hũ chiên giòn,30000,1,1,Khai vị,2023-06-10 22:33:16
0819852682,24,Female,1989-09-25,Gỏi xoài khô mặn,57000,2,7,Món trộn,2023-05-22 17:56:53
0974227956,28,Female,1979-10-12,Bún thêm,10000,2,8,Món thêm,2024-07-19 07:12:38
0680796250,22,Female,1979-03-15,Lẩu nấm thập cẩm,157000,5,6,Lẩu,2023-09-04 00:56:14
0716892682,36,Female,1998-05-12,Sữa chua trái cây,35000,3,11,Sữa,2024-02-25 05:04:11
0624053847,24,Male,2007-04-09,Gỏi xoài khô mặn,57000,2,7,Món trộn,2024-02-24 05:45:55
0215341668,8,Female,1988-03-20,Bánh ướt,50000,2,2,Món ngũ cốc,2023-05-29 12:50:30
0756060349,31,Female,2010-07-13,Dừa tươi,35000,3,9,Nước trái cây,2023-03-20 05:29:24
0336371244,25,Female,1981-07-09,Gỏi chôm chôm chua ngọt,82000,2,7,Món trộn,2024-04-24 11:18:20
0820967344,13,Female,2004-11-02,Rong biển xào xả,53000,3,3,Món xào,2023-09-17 21:06:14
0522141779,1,Female,2009-06-19,Gỏi cuốn sốt đậu phộng,90000,3,1,Khai vị,2024-03-31 19:44:28
0111228038,3,Female,1982-08-28,Đậu hũ chiên giòn,30000,5,1,Khai vị,2024-04-22 22:56:50
0595723551,1,Female,1977-06-20,Gỏi cuốn sốt đậu phộng,90000,5,1,Khai vị,2023-02-25 13:09:31
0524494474,13,Male,2014-06-21,Rong biển xào xả,53000,2,3,Món xào,2024-07-11 14:21:44
0581702741,9,Female,1994-04-28,Mì xào thập cẩm,47000,2,2,Món ngũ cốc,2024-07-15 02:23:13
0332012203,33,Female,1980-05-22,Coca,15000,4,10,Nước ngọt,2023-04-26 10:57:03
0896049281,10,Female,2003-03-16,Ngó sen xào nấm,55000,5,3,Món xào,2023-09-30 14:52:31
0784122396,3,Female,1972-06-28,Đậu hũ chiên giòn,30000,4,1,Khai vị,2024-05-13 05:44:26
0680796250,1,Female,1980-01-09,Gỏi cuốn sốt đậu phộng,90000,1,1,Khai vị,2024-04-23 08:06:03
0684564482,20,Female,1982-01-26,Canh cải chua tứ xuyên,46000,3,5,Món canh,2024-03-05 10:34:56
0213844818,35,Female,1996-09-07,Sting,15000,3,10,Nước ngọt,2023-01-08 17:24:50
0164718485,2,Male,1985-11-25,Chả giò,80000,1,1,Khai vị,2024-03-09 00:17:52
0412633192,31,Female,1980-06-27,Dừa tươi,35000,4,9,Nước trái cây,2023-04-23 14:56:38
0809853133,39,Female,1985-05-17,Trà chanh thái đỏ,39000,4,12,Trà,2023-01-18 07:33:56
0299428599,5,Male,1978-03-14,Khoai tây chiên bơ,45000,1,1,Khai vị,2023-01-11 02:45:55
0732630255,37,Female,2013-04-11,Sữa đậu nành,35000,4,11,Sữa,2024-01-23 08:46:46
0955845294,23,Male,2011-10-12,Lẩu nhiệt đới,180000,5,6,Lẩu,2024-04-29 22:03:51
0637185453,38,Male,2012-12-11,Trà trái cây nhiệt đới,43000,1,12,Trà,2024-03-25 21:28:10
0726539476,29,Female,1998-07-25,Rau thêm,10000,4,8,Món thêm,2023-10-20 10:47:29
0726641072,39,Male,1994-09-15,Trà chanh thái đỏ,39000,3,12,Trà,2024-04-05 12:07:48
0299428599,23,Female,1984-07-18,Lẩu nhiệt đới,180000,4,6,Lẩu,2023-05-12 19:39:44
0524494474,13,Male,1992-09-02,Rong biển xào xả,53000,3,3,Món xào,2024-05-26 05:19:55
0310785597,3,Male,1982-01-06,Đậu hũ chiên giòn,30000,5,1,Khai vị,2023-07-18 23:30:55
0215341668,4,Male,1990-01-17,Bông cải xào tỏi,70000,3,1,Khai vị,2024-07-03 21:18:06
0188247504,7,Male,1971-11-01,Bún chả giò,65000,4,2,Món ngũ cốc,2023-12-10 18:51:52
0786140919,31,Female,1991-04-05,Dừa tươi,35000,4,9,Nước trái cây,2024-05-09 22:00:30
0522141779,23,Male,1995-10-16,Lẩu nhiệt đới,180000,5,6,Lẩu,2023-03-01 01:37:44
0438327238,10,Female,2004-04-12,Ngó sen xào nấm,55000,1,3,Món xào,2024-05-01 04:26:19
0669466674,37,Male,1982-12-26,Sữa đậu nành,35000,3,11,Sữa,2024-06-26 17:43:50
0438327238,24,Female,1986-05-31,Gỏi xoài khô mặn,57000,2,7,Món trộn,2024-06-01 08:02:51
0288164159,3,Male,1987-12-04,Đậu hũ chiên giòn,30000,2,1,Khai vị,2023-01-03 20:52:51
0613773693,33,Female,1978-09-20,Coca,15000,4,10,Nước ngọt,2023-10-20 21:47:06
0716892682,1,Female,2007-12-02,Gỏi cuốn sốt đậu phộng,90000,4,1,Khai vị,2023-06-07 02:01:02
0656214837,28,Female,1996-07-21,Bún thêm,10000,4,8,Món thêm,2024-04-02 11:29:54
0974227956,6,Male,1982-04-09,Cơm chiên thượng hải,75000,3,2,Món ngũ cốc,2024-02-20 10:39:12
0227996437,24,Female,1983-11-28,Gỏi xoài khô mặn,57000,2,7,Món trộn,2024-04-28 13:24:28
0669466674,29,Female,1990-10-26,Rau thêm,10000,2,8,Món thêm,2024-02-15 15:37:46
0802830585,40,Female,2014-10-13,Trà vải cam sả,40000,4,12,Trà,2023-02-07 12:41:24
0896049281,23,Male,1989-04-02,Lẩu nhiệt đới,180000,4,6,Lẩu,2024-02-23 07:37:58
0356020596,6,Female,2012-03-15,Cơm chiên thượng hải,75000,2,2,Món ngũ cốc,2023-12-26 21:31:52
0808079071,21,Female,1976-01-29,Canh khổ qua,52000,4,5,Món canh,2024-02-01 15:13:24
0468624883,22,Male,1988-05-08,Lẩu nấm thập cẩm,157000,1,6,Lẩu,2024-03-08 10:49:27
0802830585,8,Female,2006-12-08,Bánh ướt,50000,3,2,Món ngũ cốc,2023-12-11 07:15:16
0525595296,23,Male,2002-09-14,Lẩu nhiệt đới,180000,5,6,Lẩu,2023-07-11 22:33:02
0669466674,33,Male,1973-02-01,Coca,15000,3,10,Nước ngọt,2024-04-24 16:09:10
0258483422,28,Male,1985-02-11,Bún thêm,10000,3,8,Món thêm,2024-01-29 15:43:42
0974227956,12,Female,1981-09-04,Nấm xào chay,70000,4,3,Món xào,2024-03-15 00:44:09
0241530747,39,Female,1982-02-17,Trà chanh thái đỏ,39000,3,12,Trà,2023-11-18 15:27:11
0525595296,33,Male,1975-07-16,Coca,15000,4,10,Nước ngọt,2023-11-11 07:49:47
0328439791,38,Male,1991-05-30,Trà trái cây nhiệt đới,43000,5,12,Trà,2024-05-03 09:11:55
0900533702,35,Female,2010-01-28,Sting,15000,3,10,Nước ngọt,2023-10-07 01:02:46
0108794091,35,Female,1996-11-23,Sting,15000,2,10,Nước ngọt,2023-10-20 15:58:05
0347326507,20,Female,1986-09-10,Canh cải chua tứ xuyên,46000,3,5,Món canh,2024-03-31 17:59:42
0993886318,40,Male,1977-09-30,Trà vải cam sả,40000,2,12,Trà,2024-01-24 11:15:20
0786140919,40,Male,1987-08-25,Trà vải cam sả,40000,3,12,Trà,2024-06-23 14:53:53
0258483422,36,Male,1993-11-22,Sữa chua trái cây,35000,3,11,Sữa,2023-07-04 21:25:04
0522141779,24,Female,1995-08-24,Gỏi xoài khô mặn,57000,4,7,Món trộn,2023-02-09 14:06:22
0551655336,5,Male,1990-01-13,Khoai tây chiên bơ,45000,3,1,Khai vị,2023-09-06 19:17:00
0394807538,19,Female,1983-11-18,Canh bông hẹ đậu hũ,37000,3,5,Món canh,2023-04-20 06:09:21
0188247504,40,Female,2002-12-09,Trà vải cam sả,40000,2,12,Trà,2023-10-02 08:38:15
0252048003,34,Male,1976-10-05,7up,15000,2,10,Nước ngọt,2023-01-10 07:59:09
0656214837,23,Male,1993-03-31,Lẩu nhiệt đới,180000,2,6,Lẩu,2024-02-06 21:16:07
0786140919,17,Male,1992-05-01,Sườn non chay rim chua ngọt,110000,2,4,Món kho,2024-06-21 23:16:56
0820967344,23,Female,1975-03-27,Lẩu nhiệt đới,180000,1,6,Lẩu,2023-02-15 06:14:19
0978749627,13,Female,1974-12-16,Rong biển xào xả,53000,1,3,Món xào,2024-01-27 07:15:46
0476981072,19,Male,1979-11-17,Canh bông hẹ đậu hũ,37000,1,5,Món canh,2023-06-05 16:58:20
0978749627,33,Female,1998-05-15,Coca,15000,4,10,Nước ngọt,2024-01-07 00:41:35
0578285658,39,Female,1996-08-15,Trà chanh thái đỏ,39000,4,12,Trà,2023-12-16 12:02:00
0802830585,9,Male,1985-04-18,Mì xào thập cẩm,47000,5,2,Món ngũ cốc,2023-07-22 08:27:29
0716892682,26,Male,1998-11-11,Xà lách trộn,45000,1,7,Món trộn,2024-04-19 18:41:50
0786140919,26,Male,1998-11-06,Xà lách trộn,45000,3,7,Món trộn,2023-02-27 08:14:29
0438370458,18,Female,1994-03-31,Tôm kho tàu,120000,3,4,Món kho,2023-11-14 09:18:36
0684564482,25,Male,1988-01-31,Gỏi chôm chôm chua ngọt,82000,1,7,Món trộn,2023-05-05 20:36:07
0299428599,23,Male,1995-11-27,Lẩu nhiệt đới,180000,5,6,Lẩu,2023-04-30 01:46:42
0524494474,24,Female,1980-03-22,Gỏi xoài khô mặn,57000,1,7,Món trộn,2023-02-21 15:09:47
0164718485,37,Female,1973-08-16,Sữa đậu nành,35000,2,11,Sữa,2023-01-20 03:56:02
0258483422,22,Male,2002-01-04,Lẩu nấm thập cẩm,157000,4,6,Lẩu,2023-05-01 01:32:19
0863815256,19,Male,1995-10-21,Canh bông hẹ đậu hũ,37000,5,5,Món canh,2024-02-24 08:36:48
0350101474,39,Male,1987-03-07,Trà chanh thái đỏ,39000,4,12,Trà,2024-04-30 19:25:59
0732630255,23,Male,1976-07-30,Lẩu nhiệt đới,180000,3,6,Lẩu,2023-08-20 15:05:19
0614682676,9,Female,2010-08-20,Mì xào thập cẩm,47000,1,2,Món ngũ cốc,2024-04-05 11:12:40
0123295082,4,Female,1992-10-06,Bông cải xào tỏi,70000,2,1,Khai vị,2023-11-06 06:15:38
0468624883,29,Female,1987-08-18,Rau thêm,10000,2,8,Món thêm,2023-07-23 16:31:50
0438327238,33,Male,2011-02-28,Coca,15000,1,10,Nước ngọt,2023-04-15 13:23:58
0743101268,21,Female,1995-01-16,Canh khổ qua,52000,4,5,Món canh,2023-05-15 10:16:58
0164718485,5,Male,2009-08-31,Khoai tây chiên bơ,45000,4,1,Khai vị,2023-04-07 03:20:31
0160810307,25,Male,1999-03-22,Gỏi chôm chôm chua ngọt,82000,4,7,Món trộn,2023-02-09 10:27:42
0336371244,17,Male,1993-09-04,Sườn non chay rim chua ngọt,110000,2,4,Món kho,2023-11-10 16:19:56
0171439591,28,Female,2002-12-19,Bún thêm,10000,5,8,Món thêm,2023-04-16 05:05:46
0733524171,22,Male,2005-02-20,Lẩu nấm thập cẩm,157000,3,6,Lẩu,2024-03-11 01:40:53
0378207522,20,Male,1971-09-01,Canh cải chua tứ xuyên,46000,5,5,Món canh,2024-04-04 06:43:19
0716892682,22,Male,1989-11-15,Lẩu nấm thập cẩm,157000,1,6,Lẩu,2023-09-02 20:18:14
0525595296,29,Male,1993-05-23,Rau thêm,10000,1,8,Món thêm,2024-03-30 09:01:42
0252048003,23,Female,2005-06-21,Lẩu nhiệt đới,180000,2,6,Lẩu,2024-02-27 21:00:23
0624053847,34,Female,1979-01-02,7up,15000,5,10,Nước ngọt,2023-05-25 14:46:10
0891456670,12,Female,2013-03-30,Nấm xào chay,70000,4,3,Món xào,2023-09-02 17:42:57
0181804571,24,Male,1970-04-26,Gỏi xoài khô mặn,57000,4,7,Món trộn,2023-10-12 22:34:31
0108794091,11,Female,2002-09-12,Vịt chay xào,85000,2,3,Món xào,2024-03-31 14:29:39
0213844818,27,Male,1994-11-12,Cơm thêm,10000,2,8,Món thêm,2023-08-13 10:19:33
0726641072,13,Female,1980-02-27,Rong biển xào xả,53000,5,3,Món xào,2024-01-31 10:10:57
0784122396,1,Female,1998-12-21,Gỏi cuốn sốt đậu phộng,90000,3,1,Khai vị,2023-12-30 00:17:03
0732630255,21,Female,2006-05-13,Canh khổ qua,52000,1,5,Món canh,2023-07-06 02:42:26
0215341668,13,Male,1972-10-11,Rong biển xào xả,53000,4,3,Món xào,2023-04-05 00:30:01
0993886318,38,Female,1990-09-07,Trà trái cây nhiệt đới,43000,1,12,Trà,2024-06-21 05:54:36
0227996437,6,Female,2004-07-27,Cơm chiên thượng hải,75000,4,2,Món ngũ cốc,2023-04-30 10:29:21
0716892682,23,Male,1986-04-23,Lẩu nhiệt đới,180000,2,6,Lẩu,2023-12-17 11:47:51
0450495295,10,Male,1993-10-05,Ngó sen xào nấm,55000,4,3,Món xào,2024-01-05 21:23:31
0900533702,21,Male,1984-03-11,Canh khổ qua,52000,5,5,Món canh,2023-02-03 12:55:21
0819852682,29,Male,2013-05-10,Rau thêm,10000,5,8,Món thêm,2024-07-03 08:30:14
0756060349,18,Male,1978-05-11,Tôm kho tàu,120000,1,4,Món kho,2023-08-25 23:12:13
0378207522,6,Female,1971-06-25,Cơm chiên thượng hải,75000,5,2,Món ngũ cốc,2024-01-30 19:15:32
0633611656,31,Male,1989-06-17,Dừa tươi,35000,5,9,Nước trái cây,2023-07-11 02:04:09
0668502954,6,Male,1987-09-21,Cơm chiên thượng hải,75000,4,2,Món ngũ cốc,2023-07-27 03:23:49
0604426601,1,Male,1986-10-18,Gỏi cuốn sốt đậu phộng,90000,1,1,Khai vị,2023-11-14 00:39:56
0883842603,17,Male,1995-11-11,Sườn non chay rim chua ngọt,110000,2,4,Món kho,2023-09-05 13:54:41
0732630255,26,Male,1982-10-30,Xà lách trộn,45000,5,7,Món trộn,2023-11-10 11:48:56
0468624883,21,Female,1998-02-19,Canh khổ qua,52000,1,5,Món canh,2024-02-03 16:33:08
0786140919,4,Female,1970-08-03,Bông cải xào tỏi,70000,1,1,Khai vị,2023-02-18 07:41:02
0624053847,17,Male,1981-02-20,Sườn non chay rim chua ngọt,110000,4,4,Món kho,2024-05-19 16:11:16
0748857472,35,Male,1989-11-01,Sting,15000,3,10,Nước ngọt,2023-02-05 19:04:14
0241530747,21,Male,2008-12-31,Canh khổ qua,52000,4,5,Món canh,2023-11-06 06:00:22
0982979610,34,Female,1982-06-03,7up,15000,3,10,Nước ngọt,2023-08-03 17:16:08
0993886318,11,Female,2004-05-26,Vịt chay xào,85000,1,3,Món xào,2024-02-13 08:37:24
0982979610,40,Male,1978-05-13,Trà vải cam sả,40000,4,12,Trà,2023-03-09 16:41:46
0633611656,22,Female,2003-08-09,Lẩu nấm thập cẩm,157000,3,6,Lẩu,2024-04-04 03:19:24
0863815256,2,Male,1979-09-17,Chả giò,80000,4,1,Khai vị,2024-07-01 14:51:44
0181804571,21,Female,1986-01-11,Canh khổ qua,52000,4,5,Món canh,2024-04-05 04:15:09
0291506024,25,Female,1982-02-15,Gỏi chôm chôm chua ngọt,82000,4,7,Món trộn,2023-10-19 09:37:31
0450495295,10,Male,2003-03-16,Ngó sen xào nấm,55000,1,3,Món xào,2024-05-27 19:22:49
0123295082,38,Female,1993-08-08,Trà trái cây nhiệt đới,43000,5,12,Trà,2024-06-29 07:29:20
0757134506,8,Female,1972-05-16,Bánh ướt,50000,1,2,Món ngũ cốc,2023-09-14 16:27:08
0937724423,7,Female,1984-12-14,Bún chả giò,65000,4,2,Món ngũ cốc,2023-11-04 22:27:58
0525595296,21,Female,1990-06-29,Canh khổ qua,52000,4,5,Món canh,2023-04-05 16:51:59
0438331021,8,Female,1981-09-10,Bánh ướt,50000,2,2,Món ngũ cốc,2024-05-24 06:49:34
0820967344,22,Female,1991-12-19,Lẩu nấm thập cẩm,157000,4,6,Lẩu,2023-08-09 03:27:11
0900533702,19,Female,2003-06-18,Canh bông hẹ đậu hũ,37000,2,5,Món canh,2023-11-15 21:14:44
0412633192,35,Female,1977-03-31,Sting,15000,5,10,Nước ngọt,2023-05-04 00:40:13
0258483422,22,Female,1987-12-23,Lẩu nấm thập cẩm,157000,4,6,Lẩu,2023-06-25 06:25:28
0299428599,33,Female,1977-11-16,Coca,15000,3,10,Nước ngọt,2024-04-16 15:20:29
0578285658,19,Female,1974-11-12,Canh bông hẹ đậu hũ,37000,4,5,Món canh,2024-06-12 10:18:36
0155591228,26,Male,1981-07-03,Xà lách trộn,45000,5,7,Món trộn,2024-01-02 14:12:41
0757688410,25,Female,1996-04-26,Gỏi chôm chôm chua ngọt,82000,2,7,Món trộn,2023-08-11 23:52:16
0328439791,1,Female,1973-09-26,Gỏi cuốn sốt đậu phộng,90000,1,1,Khai vị,2023-07-11 18:17:21
0802830585,26,Male,2009-08-17,Xà lách trộn,45000,1,7,Món trộn,2024-03-06 15:39:24
0588733692,39,Female,2000-09-15,Trà chanh thái đỏ,39000,1,12,Trà,2024-01-04 10:55:49
0310785597,17,Female,2000-03-18,Sườn non chay rim chua ngọt,110000,4,4,Món kho,2024-07-17 05:57:53
0438370458,6,Female,1970-12-04,Cơm chiên thượng hải,75000,1,2,Món ngũ cốc,2023-05-30 05:15:54
0784122396,10,Female,1970-12-07,Ngó sen xào nấm,55000,5,3,Món xào,2023-08-02 13:31:56
0310785597,24,Male,2014-05-23,Gỏi xoài khô mặn,57000,2,7,Món trộn,2023-01-10 02:58:53
0978749627,16,Female,1981-09-07,Chả lụa kho tiêu,92000,2,4,Món kho,2024-01-20 11:38:39
0756060349,17,Female,1981-01-08,Sườn non chay rim chua ngọt,110000,1,4,Món kho,2024-02-13 04:52:57
0181804571,29,Male,2011-12-17,Rau thêm,10000,1,8,Món thêm,2023-08-16 13:21:12
0614682676,15,Male,1978-09-18,Chân nấm kho gừng,57000,1,4,Món kho,2023-02-23 02:26:26
0974227956,32,Male,1995-07-20,Nha đam hạt chia,45000,4,9,Nước trái cây,2023-06-04 23:18:25
0900533702,14,Male,2015-10-13,Đậu hũ kho nấm rơm,45000,1,4,Món kho,2023-10-25 10:17:52
0974227956,2,Female,1988-12-30,Chả giò,80000,2,1,Khai vị,2023-10-06 22:45:43
0155591228,34,Male,2012-03-21,7up,15000,5,10,Nước ngọt,2023-08-16 18:50:30
0611564855,36,Male,1985-07-01,Sữa chua trái cây,35000,4,11,Sữa,2024-01-20 06:12:55
0438331021,4,Female,1984-02-13,Bông cải xào tỏi,70000,3,1,Khai vị,2024-01-26 14:56:42
0757688410,18,Female,1981-03-15,Tôm kho tàu,120000,5,4,Món kho,2023-03-26 17:25:56
0515047318,8,Male,2010-11-01,Bánh ướt,50000,1,2,Món ngũ cốc,2024-03-11 23:55:44
0684564482,28,Female,1973-11-23,Bún thêm,10000,1,8,Món thêm,2023-10-10 00:06:08
0438327238,40,Male,1989-11-21,Trà vải cam sả,40000,4,12,Trà,2023-04-30 02:48:41
0637185453,22,Female,2000-08-17,Lẩu nấm thập cẩm,157000,5,6,Lẩu,2023-04-14 08:27:57
0291506024,21,Male,1997-09-07,Canh khổ qua,52000,3,5,Món canh,2024-07-16 08:21:48
0332012203,30,Female,1998-06-28,Cam cà rốt,40000,1,9,Nước trái cây,2023-06-02 18:23:59
0684564482,18,Female,1975-07-17,Tôm kho tàu,120000,2,4,Món kho,2024-02-19 02:17:39
0438327238,6,Female,1986-04-29,Cơm chiên thượng hải,75000,3,2,Món ngũ cốc,2023-02-10 04:59:39
0328439791,19,Female,1987-01-03,Canh bông hẹ đậu hũ,37000,1,5,Món canh,2023-09-30 14:30:39
0160810307,37,Male,2005-10-08,Sữa đậu nành,35000,1,11,Sữa,2023-04-30 12:19:58
0123295082,36,Male,2005-05-05,Sữa chua trái cây,35000,1,11,Sữa,2023-07-23 04:57:01
0258483422,18,Female,2011-08-14,Tôm kho tàu,120000,5,4,Món kho,2023-12-13 06:14:01
0312829411,15,Female,1984-12-28,Chân nấm kho gừng,57000,3,4,Món kho,2024-02-22 17:26:39
0108794091,8,Male,2004-02-02,Bánh ướt,50000,1,2,Món ngũ cốc,2024-05-04 05:34:22
0993886318,5,Male,1978-05-24,Khoai tây chiên bơ,45000,3,1,Khai vị,2023-02-12 22:09:43
0982979610,35,Female,1997-02-12,Sting,15000,4,10,Nước ngọt,2023-09-28 12:39:58
0332012203,17,Female,1983-10-22,Sườn non chay rim chua ngọt,110000,4,4,Món kho,2023-09-01 03:14:19
0790499048,27,Female,2014-01-18,Cơm thêm,10000,5,8,Món thêm,2024-06-10 22:46:41
0936495753,5,Female,2006-08-22,Khoai tây chiên bơ,45000,1,1,Khai vị,2024-02-20 01:01:09
0595723551,8,Male,1975-02-15,Bánh ướt,50000,2,2,Món ngũ cốc,2023-06-22 22:45:29
0756060349,9,Female,1984-05-01,Mì xào thập cẩm,47000,1,2,Món ngũ cốc,2023-02-17 10:49:25
0863815256,16,Female,2006-08-11,Chả lụa kho tiêu,92000,5,4,Món kho,2023-09-24 13:03:26
0188247504,5,Male,1974-09-28,Khoai tây chiên bơ,45000,1,1,Khai vị,2024-06-27 16:02:58
0613773693,5,Male,2013-10-30,Khoai tây chiên bơ,45000,1,1,Khai vị,2023-04-09 15:04:56
0578285658,24,Male,2008-04-28,Gỏi xoài khô mặn,57000,3,7,Món trộn,2024-05-26 06:28:48
0123295082,30,Female,1977-08-06,Cam cà rốt,40000,4,9,Nước trái cây,2023-01-16 13:21:55
0188247504,21,Male,2001-04-21,Canh khổ qua,52000,3,5,Món canh,2023-11-17 20:21:50
0181804571,20,Male,2001-03-18,Canh cải chua tứ xuyên,46000,1,5,Món canh,2023-12-05 15:01:27
0743101268,22,Female,1970-12-31,Lẩu nấm thập cẩm,157000,5,6,Lẩu,2023-08-16 05:11:14
0524494474,36,Female,1988-10-21,Sữa chua trái cây,35000,1,11,Sữa,2024-06-07 15:01:59
0317874924,4,Female,1980-01-04,Bông cải xào tỏi,70000,5,1,Khai vị,2024-01-15 10:29:42
0438327238,35,Female,1999-01-19,Sting,15000,4,10,Nước ngọt,2024-01-19 14:05:18
0944600799,22,Female,1970-06-04,Lẩu nấm thập cẩm,157000,5,6,Lẩu,2024-06-21 04:30:16
0944600799,32,Male,2013-08-11,Nha đam hạt chia,45000,4,9,Nước trái cây,2023-12-03 17:57:03
0551655336,28,Male,1995-12-06,Bún thêm,10000,1,8,Món thêm,2024-05-26 21:18:48
0633611656,28,Male,1975-05-18,Bún thêm,10000,3,8,Món thêm,2023-10-19 08:58:14
0450495295,2,Female,2012-04-13,Chả giò,80000,2,1,Khai vị,2023-07-11 09:57:48
0633611656,13,Male,1992-11-18,Rong biển xào xả,53000,5,3,Món xào,2023-09-03 23:14:39
0732630255,4,Male,1973-02-08,Bông cải xào tỏi,70000,2,1,Khai vị,2024-03-19 04:24:12
0356020596,6,Male,1996-12-08,Cơm chiên thượng hải,75000,3,2,Món ngũ cốc,2024-02-01 00:46:36
0937724423,39,Female,1986-09-02,Trà chanh thái đỏ,39000,3,12,Trà,2024-02-29 03:51:44
0356020596,21,Female,1988-08-05,Canh khổ qua,52000,2,5,Món canh,2024-01-25 09:07:44
0756060349,10,Female,1997-02-03,Ngó sen xào nấm,55000,2,3,Món xào,2024-06-06 05:48:15
0328439791,24,Female,1998-06-13,Gỏi xoài khô mặn,57000,3,7,Món trộn,2024-06-13 13:43:35
0819852682,5,Female,1989-01-22,Khoai tây chiên bơ,45000,4,1,Khai vị,2024-02-25 03:28:49
0299428599,36,Male,2015-09-05,Sữa chua trái cây,35000,3,11,Sữa,2024-04-02 22:06:18
0633611656,1,Male,2003-07-02,Gỏi cuốn sốt đậu phộng,90000,4,1,Khai vị,2023-11-18 12:12:47
0524494474,13,Female,1999-11-18,Rong biển xào xả,53000,5,3,Món xào,2024-05-01 06:15:41
0213844818,21,Female,1970-06-22,Canh khổ qua,52000,4,5,Món canh,2023-04-12 05:32:38
0241530747,36,Male,2008-07-20,Sữa chua trái cây,35000,4,11,Sữa,2024-05-23 09:49:16
0817793216,39,Female,1980-02-19,Trà chanh thái đỏ,39000,2,12,Trà,2023-08-16 02:42:49
0668502954,15,Female,1998-02-23,Chân nấm kho gừng,57000,4,4,Món kho,2023-06-05 17:46:02
0978749627,3,Female,1978-09-24,Đậu hũ chiên giòn,30000,5,1,Khai vị,2023-05-02 15:05:37
0258483422,5,Male,2000-04-30,Khoai tây chiên bơ,45000,4,1,Khai vị,2024-04-02 11:07:39
0108794091,37,Female,1973-11-28,Sữa đậu nành,35000,2,11,Sữa,2023-12-29 05:03:48
0350101474,2,Male,1983-04-01,Chả giò,80000,2,1,Khai vị,2024-03-17 21:59:49
0441620405,24,Female,1979-08-09,Gỏi xoài khô mặn,57000,1,7,Món trộn,2023-10-17 22:09:23
0716892682,10,Male,1982-12-29,Ngó sen xào nấm,55000,2,3,Món xào,2024-03-15 00:26:11
0668502954,9,Male,1990-03-28,Mì xào thập cẩm,47000,4,2,Món ngũ cốc,2024-01-19 05:45:03
0680796250,22,Female,2012-02-01,Lẩu nấm thập cẩm,157000,5,6,Lẩu,2024-01-03 16:49:59
0258483422,11,Male,2000-09-11,Vịt chay xào,85000,1,3,Món xào,2023-10-29 00:29:19
0291506024,14,Female,2007-04-18,Đậu hũ kho nấm rơm,45000,2,4,Món kho,2023-11-29 20:50:22
0328439791,12,Male,1981-03-11,Nấm xào chay,70000,5,3,Món xào,2023-09-21 01:08:12
0578285658,1,Male,2013-01-17,Gỏi cuốn sốt đậu phộng,90000,1,1,Khai vị,2024-04-26 13:36:40
0757688410,33,Female,2005-12-25,Coca,15000,1,10,Nước ngọt,2023-11-29 13:51:35
0394807538,11,Male,1988-07-24,Vịt chay xào,85000,1,3,Món xào,2023-09-07 12:44:50
0669466674,3,Male,2013-08-17,Đậu hũ chiên giòn,30000,2,1,Khai vị,2023-01-08 13:39:27
0808079071,35,Female,1972-10-28,Sting,15000,5,10,Nước ngọt,2024-05-24 06:30:02
0716892682,13,Male,1971-09-14,Rong biển xào xả,53000,5,3,Món xào,2023-02-21 21:28:26
0258483422,24,Female,2006-06-22,Gỏi xoài khô mặn,57000,5,7,Món trộn,2023-03-19 12:18:05
0227996437,34,Female,1995-12-23,7up,15000,1,10,Nước ngọt,2023-07-29 22:55:46
0310785597,6,Female,1973-12-09,Cơm chiên thượng hải,75000,4,2,Món ngũ cốc,2024-04-06 22:04:47
0820967344,5,Male,1979-08-28,Khoai tây chiên bơ,45000,5,1,Khai vị,2023-12-28 22:46:23
0716892682,30,Male,1996-10-19,Cam cà rốt,40000,2,9,Nước trái cây,2024-05-23 05:04:16
0817793216,1,Male,1989-10-04,Gỏi cuốn sốt đậu phộng,90000,4,1,Khai vị,2023-11-26 01:10:00
0808079071,38,Female,2001-11-08,Trà trái cây nhiệt đới,43000,2,12,Trà,2023-12-29 21:56:32
0438327238,13,Female,2010-08-28,Rong biển xào xả,53000,4,3,Món xào,2024-01-14 17:55:30
0482829876,9,Female,2001-12-05,Mì xào thập cẩm,47000,2,2,Món ngũ cốc,2024-01-20 09:06:18
0123295082,32,Female,2014-10-05,Nha đam hạt chia,45000,5,9,Nước trái cây,2024-05-05 10:44:16
0108794091,23,Female,1989-10-05,Lẩu nhiệt đới,180000,3,6,Lẩu,2024-01-21 09:22:24
0213844818,2,Male,1977-03-16,Chả giò,80000,1,1,Khai vị,2024-01-01 09:31:32
0509868840,38,Female,1979-04-22,Trà trái cây nhiệt đới,43000,2,12,Trà,2024-05-27 11:07:34
0482829876,15,Female,2003-06-03,Chân nấm kho gừng,57000,4,4,Món kho,2024-03-08 17:09:39
0726641072,26,Male,2006-07-29,Xà lách trộn,45000,3,7,Món trộn,2023-11-07 09:18:55
0733524171,35,Female,1994-03-18,Sting,15000,3,10,Nước ngọt,2023-08-18 10:00:54
0522141779,25,Female,2009-01-04,Gỏi chôm chôm chua ngọt,82000,5,7,Món trộn,2023-01-22 18:40:32
0716892682,3,Male,2000-06-17,Đậu hũ chiên giòn,30000,2,1,Khai vị,2023-10-20 10:45:42
0181804571,37,Female,2009-02-19,Sữa đậu nành,35000,2,11,Sữa,2023-11-26 03:57:06
0551655336,21,Female,1992-05-08,Canh khổ qua,52000,4,5,Món canh,2024-05-12 04:34:47
0315397843,2,Female,1984-10-21,Chả giò,80000,1,1,Khai vị,2023-03-29 02:58:03
0588733692,6,Female,1972-08-27,Cơm chiên thượng hải,75000,3,2,Món ngũ cốc,2024-06-17 03:40:53
0756060349,27,Male,1976-05-25,Cơm thêm,10000,4,8,Món thêm,2023-12-17 16:25:44
0757134506,5,Male,1970-03-05,Khoai tây chiên bơ,45000,3,1,Khai vị,2023-12-04 23:37:27
0633611656,7,Female,2014-09-04,Bún chả giò,65000,1,2,Món ngũ cốc,2023-05-21 10:53:54
0250860901,37,Female,1973-03-06,Sữa đậu nành,35000,1,11,Sữa,2024-04-29 07:34:34
0732630255,4,Male,1975-12-04,Bông cải xào tỏi,70000,4,1,Khai vị,2023-04-28 00:05:18
0656214837,20,Female,2011-12-04,Canh cải chua tứ xuyên,46000,3,5,Món canh,2024-02-18 15:22:17
0748857472,36,Female,1980-05-01,Sữa chua trái cây,35000,5,11,Sữa,2023-09-07 12:27:05
0525595296,23,Female,2004-04-18,Lẩu nhiệt đới,180000,5,6,Lẩu,2024-07-07 05:06:02
0215341668,12,Male,1972-09-29,Nấm xào chay,70000,3,3,Món xào,2023-07-17 11:59:38
0716892682,9,Male,1999-11-29,Mì xào thập cẩm,47000,2,2,Món ngũ cốc,2023-01-09 16:19:57
0900533702,7,Female,1977-10-20,Bún chả giò,65000,3,2,Món ngũ cốc,2023-12-07 16:00:25
0748857472,36,Male,1989-02-20,Sữa chua trái cây,35000,3,11,Sữa,2023-05-21 20:55:18
0288164159,37,Female,1991-06-11,Sữa đậu nành,35000,1,11,Sữa,2024-01-17 11:05:42
0111228038,24,Female,1993-11-03,Gỏi xoài khô mặn,57000,3,7,Món trộn,2023-10-08 16:42:01
0160810307,11,Male,2015-03-22,Vịt chay xào,85000,4,3,Món xào,2023-07-30 18:47:59
0684564482,26,Male,2002-02-17,Xà lách trộn,45000,4,7,Món trộn,2023-05-04 03:48:19
0820967344,37,Male,1976-08-08,Sữa đậu nành,35000,4,11,Sữa,2024-01-05 18:38:15
0820967344,4,Male,1976-09-23,Bông cải xào tỏi,70000,4,1,Khai vị,2023-07-17 20:19:22
0726641072,40,Male,2012-05-14,Trà vải cam sả,40000,5,12,Trà,2023-03-18 18:48:26
0900533702,5,Female,2010-11-14,Khoai tây chiên bơ,45000,4,1,Khai vị,2023-10-19 19:48:57
0726641072,30,Female,2009-06-28,Cam cà rốt,40000,2,9,Nước trái cây,2023-11-13 12:51:28
0637185453,14,Female,1979-10-14,Đậu hũ kho nấm rơm,45000,1,4,Món kho,2024-06-25 08:08:13
0614682676,37,Female,2008-03-24,Sữa đậu nành,35000,1,11,Sữa,2023-05-15 00:11:46
0900533702,1,Female,1986-04-25,Gỏi cuốn sốt đậu phộng,90000,1,1,Khai vị,2024-05-16 05:08:11
0370625193,25,Female,2008-01-29,Gỏi chôm chôm chua ngọt,82000,1,7,Món trộn,2023-10-08 14:17:24
0509868840,27,Male,1973-12-17,Cơm thêm,10000,4,8,Món thêm,2023-11-14 08:12:51
0819852682,32,Female,1971-10-24,Nha đam hạt chia,45000,5,9,Nước trái cây,2023-09-11 09:52:34
0578285658,1,Female,1982-07-31,Gỏi cuốn sốt đậu phộng,90000,2,1,Khai vị,2023-02-09 04:40:11
0595723551,26,Male,2008-12-27,Xà lách trộn,45000,3,7,Món trộn,2023-06-02 06:21:18
0241530747,4,Female,2009-09-23,Bông cải xào tỏi,70000,5,1,Khai vị,2024-07-11 14:15:40
0291506024,35,Male,1988-04-18,Sting,15000,5,10,Nước ngọt,2024-05-11 07:18:24
0525595296,3,Female,2013-10-26,Đậu hũ chiên giòn,30000,4,1,Khai vị,2023-10-20 16:11:47
0656214837,12,Male,2012-05-27,Nấm xào chay,70000,3,3,Món xào,2023-03-25 22:03:01
0525595296,2,Male,1998-09-17,Chả giò,80000,4,1,Khai vị,2023-09-09 01:03:49
0258483422,33,Male,1998-01-10,Coca,15000,4,10,Nước ngọt,2023-06-20 01:39:50
0450495295,18,Female,1999-12-29,Tôm kho tàu,120000,5,4,Món kho,2024-05-28 18:06:40
0974227956,25,Female,2012-08-25,Gỏi chôm chôm chua ngọt,82000,5,7,Món trộn,2023-11-09 16:39:23
0438331021,14,Female,1996-07-29,Đậu hũ kho nấm rơm,45000,4,4,Món kho,2023-12-25 00:38:51
0936495753,33,Female,2009-11-24,Coca,15000,2,10,Nước ngọt,2023-08-29 16:21:30
0450495295,36,Male,1982-03-10,Sữa chua trái cây,35000,3,11,Sữa,2024-01-08 03:18:08
0891456670,34,Male,2000-10-30,7up,15000,1,10,Nước ngọt,2023-12-23 23:24:37
0283976663,20,Female,1987-01-02,Canh cải chua tứ xuyên,46000,3,5,Món canh,2024-05-22 06:58:09
0595723551,1,Female,2008-06-15,Gỏi cuốn sốt đậu phộng,90000,1,1,Khai vị,2024-03-03 12:46:15
0524494474,30,Female,1988-12-21,Cam cà rốt,40000,2,9,Nước trái cây,2023-01-21 09:19:17
0786140919,37,Female,1974-05-12,Sữa đậu nành,35000,5,11,Sữa,2023-03-22 08:57:57
0756060349,34,Female,1996-05-23,7up,15000,3,10,Nước ngọt,2023-11-19 14:05:36
0227996437,2,Male,2000-10-04,Chả giò,80000,3,1,Khai vị,2023-11-03 16:48:34
0227996437,21,Male,1995-10-25,Canh khổ qua,52000,2,5,Món canh,2024-04-17 16:48:20
0883842603,17,Male,2007-07-26,Sườn non chay rim chua ngọt,110000,5,4,Món kho,2023-01-20 07:06:39
0633611656,1,Female,2010-04-27,Gỏi cuốn sốt đậu phộng,90000,5,1,Khai vị,2023-07-18 15:30:03
0241530747,1,Male,1989-04-13,Gỏi cuốn sốt đậu phộng,90000,4,1,Khai vị,2024-01-19 17:19:17
0328439791,5,Male,2010-01-25,Khoai tây chiên bơ,45000,3,1,Khai vị,2023-10-23 10:23:11
0242909490,9,Male,1970-12-31,Mì xào thập cẩm,47000,2,2,Món ngũ cốc,2023-06-12 07:39:46
0213844818,22,Male,1991-09-12,Lẩu nấm thập cẩm,157000,1,6,Lẩu,2024-02-08 03:34:27
0896049281,2,Female,1997-11-08,Chả giò,80000,2,1,Khai vị,2023-02-14 07:57:24
0809853133,36,Female,2012-10-05,Sữa chua trái cây,35000,2,11,Sữa,2023-11-10 14:11:58
0312829411,9,Male,1992-10-10,Mì xào thập cẩm,47000,1,2,Món ngũ cốc,2023-11-27 19:10:32
0252048003,30,Male,2007-04-22,Cam cà rốt,40000,1,9,Nước trái cây,2023-09-16 05:31:39
0291506024,9,Male,1995-05-29,Mì xào thập cẩm,47000,2,2,Món ngũ cốc,2023-07-08 10:10:09
0786140919,28,Female,2002-08-11,Bún thêm,10000,4,8,Món thêm,2023-09-05 19:33:38
0900533702,9,Male,2004-08-17,Mì xào thập cẩm,47000,5,2,Món ngũ cốc,2023-07-30 17:47:09
0370625193,32,Female,1990-06-21,Nha đam hạt chia,45000,4,9,Nước trái cây,2023-06-14 03:40:07
0299428599,31,Female,1988-04-08,Dừa tươi,35000,3,9,Nước trái cây,2023-05-20 19:29:01
0613773693,5,Female,2008-01-16,Khoai tây chiên bơ,45000,4,1,Khai vị,2023-12-22 04:05:33
0578285658,7,Male,2001-08-06,Bún chả giò,65000,5,2,Món ngũ cốc,2024-02-20 13:34:38
0332012203,29,Male,1989-01-23,Rau thêm,10000,3,8,Món thêm,2023-01-30 14:18:28
0441620405,31,Male,1988-10-03,Dừa tươi,35000,5,9,Nước trái cây,2023-09-05 12:30:57
0123295082,18,Male,1985-12-03,Tôm kho tàu,120000,5,4,Món kho,2023-05-26 00:59:29
0155591228,32,Female,1997-07-23,Nha đam hạt chia,45000,1,9,Nước trái cây,2023-01-12 22:11:35
0613773693,8,Male,2003-06-04,Bánh ướt,50000,2,2,Món ngũ cốc,2023-01-31 23:23:36
0624053847,6,Female,1991-09-05,Cơm chiên thượng hải,75000,5,2,Món ngũ cốc,2023-10-01 08:34:46
0482829876,38,Female,2008-03-05,Trà trái cây nhiệt đới,43000,2,12,Trà,2023-07-17 11:15:35
0332012203,4,Female,2005-02-14,Bông cải xào tỏi,70000,2,1,Khai vị,2023-09-10 07:08:05
0784122396,34,Male,2007-06-05,7up,15000,1,10,Nước ngọt,2023-06-06 12:57:29
0171439591,26,Female,1993-02-09,Xà lách trộn,45000,3,7,Món trộn,2023-04-04 20:00:38
0819852682,26,Female,1975-08-06,Xà lách trộn,45000,4,7,Món trộn,2023-12-03 22:15:13
0613773693,28,Female,1981-07-21,Bún thêm,10000,5,8,Món thêm,2023-01-14 05:56:37
0252048003,13,Female,1998-09-11,Rong biển xào xả,53000,3,3,Món xào,2024-01-06 12:15:46
0436986976,39,Female,2009-02-07,Trà chanh thái đỏ,39000,5,12,Trà,2023-04-30 18:53:30
0250860901,30,Female,2007-11-16,Cam cà rốt,40000,1,9,Nước trái cây,2023-10-29 22:06:16
0522141779,11,Male,2000-12-29,Vịt chay xào,85000,5,3,Món xào,2023-01-03 00:29:39
0181804571,29,Female,1976-03-05,Rau thêm,10000,4,8,Món thêm,2024-03-26 04:22:42
0252048003,22,Male,1992-02-15,Lẩu nấm thập cẩm,157000,1,6,Lẩu,2023-05-25 00:33:56
0160810307,37,Male,2003-07-30,Sữa đậu nành,35000,4,11,Sữa,2023-10-23 01:43:04
0624053847,20,Female,1975-03-11,Canh cải chua tứ xuyên,46000,2,5,Món canh,2024-03-02 13:58:49
0164718485,27,Male,1977-07-26,Cơm thêm,10000,1,8,Món thêm,2024-04-02 02:22:01
0936495753,27,Male,1986-02-01,Cơm thêm,10000,1,8,Món thêm,2024-03-16 16:42:23
0227996437,8,Male,1984-08-19,Bánh ướt,50000,3,2,Món ngũ cốc,2024-02-19 08:03:55
0123295082,11,Female,2014-07-16,Vịt chay xào,85000,4,3,Món xào,2024-07-12 05:44:49
0614682676,34,Male,2001-01-18,7up,15000,1,10,Nước ngọt,2024-06-12 05:03:17
0181804571,40,Female,1983-02-01,Trà vải cam sả,40000,3,12,Trà,2023-05-24 15:35:25
0817793216,11,Male,1995-11-27,Vịt chay xào,85000,3,3,Món xào,2024-07-03 21:01:12
0288164159,2,Male,1992-09-17,Chả giò,80000,2,1,Khai vị,2023-01-25 07:03:07
0978749627,16,Male,2012-08-24,Chả lụa kho tiêu,92000,1,4,Món kho,2024-06-02 04:11:07
0160810307,19,Female,1995-09-24,Canh bông hẹ đậu hũ,37000,4,5,Món canh,2023-10-18 05:03:57
0317874924,30,Female,1972-03-08,Cam cà rốt,40000,5,9,Nước trái cây,2023-06-11 15:34:58
0757688410,38,Female,1979-10-12,Trà trái cây nhiệt đới,43000,3,12,Trà,2024-04-27 22:13:56
0896049281,30,Male,2000-05-28,Cam cà rốt,40000,2,9,Nước trái cây,2023-05-09 09:55:09
0809853133,16,Male,1982-09-09,Chả lụa kho tiêu,92000,4,4,Món kho,2024-02-09 09:44:22
0601967909,26,Male,1981-09-21,Xà lách trộn,45000,1,7,Món trộn,2024-04-08 04:10:15
0757134506,21,Female,2005-02-24,Canh khổ qua,52000,4,5,Món canh,2023-11-02 19:43:24
0438331021,22,Female,1977-09-21,Lẩu nấm thập cẩm,157000,5,6,Lẩu,2023-04-22 15:15:56
0581702741,4,Female,1978-04-28,Bông cải xào tỏi,70000,3,1,Khai vị,2023-02-19 17:26:26
0809853133,3,Male,1979-08-27,Đậu hũ chiên giòn,30000,2,1,Khai vị,2024-07-19 12:31:08
0258483422,21,Female,1995-03-09,Canh khổ qua,52000,3,5,Món canh,2023-09-05 10:08:32
0595723551,8,Male,1973-05-08,Bánh ướt,50000,5,2,Món ngũ cốc,2023-09-08 06:17:59
0438370458,10,Female,2010-05-08,Ngó sen xào nấm,55000,3,3,Món xào,2023-06-12 17:53:12
0656214837,11,Female,1986-01-01,Vịt chay xào,85000,3,3,Món xào,2024-02-24 23:47:25
0784122396,18,Male,2013-09-19,Tôm kho tàu,120000,5,4,Món kho,2023-11-10 15:41:33
0356020596,27,Male,2014-11-09,Cơm thêm,10000,1,8,Món thêm,2023-07-10 14:30:59
0955845294,5,Male,1982-05-03,Khoai tây chiên bơ,45000,4,1,Khai vị,2024-01-27 03:29:41
0522141779,31,Female,2007-02-26,Dừa tươi,35000,5,9,Nước trái cây,2024-04-17 10:37:56
0863687114,26,Female,2005-02-16,Xà lách trộn,45000,3,7,Món trộn,2023-06-26 00:09:06
0784122396,15,Male,1971-11-05,Chân nấm kho gừng,57000,1,4,Món kho,2024-02-20 07:49:30
0108794091,4,Male,2006-08-31,Bông cải xào tỏi,70000,1,1,Khai vị,2024-03-20 23:50:27
0310785597,3,Female,2015-06-02,Đậu hũ chiên giòn,30000,4,1,Khai vị,2023-03-19 11:17:38
0883842603,34,Female,2004-10-27,7up,15000,1,10,Nước ngọt,2023-03-31 13:21:21
0242909490,14,Male,1993-12-07,Đậu hũ kho nấm rơm,45000,1,4,Món kho,2023-09-16 09:28:32
0328439791,9,Male,2000-03-10,Mì xào thập cẩm,47000,5,2,Món ngũ cốc,2023-03-29 08:25:55
0188247504,37,Male,2007-07-12,Sữa đậu nành,35000,4,11,Sữa,2023-02-25 11:33:58
0160810307,32,Female,1998-12-06,Nha đam hạt chia,45000,5,9,Nước trái cây,2023-04-14 18:08:58
0732630255,13,Female,1991-05-16,Rong biển xào xả,53000,5,3,Món xào,2023-10-27 06:05:23
0757134506,23,Male,1976-03-06,Lẩu nhiệt đới,180000,1,6,Lẩu,2023-11-07 09:21:07
0611564855,30,Male,2002-06-27,Cam cà rốt,40000,5,9,Nước trái cây,2023-10-02 19:52:33
0328439791,20,Male,1983-04-23,Canh cải chua tứ xuyên,46000,2,5,Món canh,2024-04-24 22:28:21
0482829876,18,Male,1986-11-02,Tôm kho tàu,120000,4,4,Món kho,2024-07-06 18:38:28
0937724423,8,Female,1989-04-13,Bánh ướt,50000,1,2,Món ngũ cốc,2023-08-11 06:57:05
0188247504,19,Male,1994-08-11,Canh bông hẹ đậu hũ,37000,5,5,Món canh,2024-05-15 12:45:17
0733524171,19,Female,1991-12-10,Canh bông hẹ đậu hũ,37000,5,5,Món canh,2024-01-29 21:26:05
0476981072,13,Male,2011-01-06,Rong biển xào xả,53000,1,3,Món xào,2024-03-18 12:53:17
0252048003,6,Female,1994-12-01,Cơm chiên thượng hải,75000,1,2,Món ngũ cốc,2023-01-13 20:01:37
0315397843,9,Female,1983-12-27,Mì xào thập cẩm,47000,5,2,Món ngũ cốc,2024-05-13 12:58:36
0588733692,19,Female,2005-08-12,Canh bông hẹ đậu hũ,37000,5,5,Món canh,2023-06-22 21:39:21
0817793216,31,Female,1985-03-04,Dừa tươi,35000,3,9,Nước trái cây,2023-11-11 23:54:02
0450495295,17,Female,1989-08-15,Sườn non chay rim chua ngọt,110000,1,4,Món kho,2023-01-21 19:54:36
0288164159,18,Male,1996-08-31,Tôm kho tàu,120000,4,4,Món kho,2024-01-29 23:01:13
0656214837,10,Female,2014-04-30,Ngó sen xào nấm,55000,1,3,Món xào,2023-01-26 23:24:18
0258483422,1,Male,2012-01-15,Gỏi cuốn sốt đậu phộng,90000,2,1,Khai vị,2023-09-11 11:40:28
0809853133,13,Male,1987-03-18,Rong biển xào xả,53000,3,3,Món xào,2023-05-12 09:29:51
0896049281,7,Male,1998-08-27,Bún chả giò,65000,2,2,Món ngũ cốc,2023-12-09 02:17:29
0441620405,10,Male,2004-03-09,Ngó sen xào nấm,55000,5,3,Món xào,2023-09-12 15:39:28
0525595296,34,Male,1987-08-03,7up,15000,3,10,Nước ngọt,2023-07-30 00:03:41
0611564855,9,Female,1994-10-10,Mì xào thập cẩm,47000,3,2,Món ngũ cốc,2023-09-18 19:19:24
0468624883,29,Male,1985-06-30,Rau thêm,10000,3,8,Món thêm,2023-07-10 23:21:42
0684564482,27,Male,2013-03-11,Cơm thêm,10000,2,8,Món thêm,2023-02-27 18:22:32
0891456670,24,Female,2001-10-07,Gỏi xoài khô mặn,57000,5,7,Món trộn,2024-07-04 23:20:30
0378207522,30,Female,1979-11-13,Cam cà rốt,40000,4,9,Nước trái cây,2023-12-17 07:49:25
0684564482,19,Female,1997-11-10,Canh bông hẹ đậu hũ,37000,3,5,Món canh,2023-02-03 23:01:13
0668502954,13,Male,1995-07-07,Rong biển xào xả,53000,1,3,Món xào,2023-11-25 14:41:10
0595723551,3,Female,1971-12-04,Đậu hũ chiên giòn,30000,4,1,Khai vị,2024-07-11 04:25:23
0863815256,19,Female,2011-03-11,Canh bông hẹ đậu hũ,37000,1,5,Món canh,2023-01-03 01:04:08
0412633192,30,Male,2005-10-20,Cam cà rốt,40000,5,9,Nước trái cây,2023-04-27 03:50:33
0336371244,6,Male,1982-03-04,Cơm chiên thượng hải,75000,5,2,Món ngũ cốc,2023-06-28 23:23:39
0624053847,21,Male,2010-04-14,Canh khổ qua,52000,3,5,Món canh,2023-09-03 22:59:26
0604426601,19,Female,2000-02-05,Canh bông hẹ đậu hũ,37000,4,5,Món canh,2023-02-12 21:18:24
0684564482,2,Male,1976-06-25,Chả giò,80000,4,1,Khai vị,2023-11-18 03:44:50
0436986976,36,Female,2005-07-21,Sữa chua trái cây,35000,5,11,Sữa,2023-01-29 19:51:24
0468624883,32,Male,1972-05-21,Nha đam hạt chia,45000,4,9,Nước trái cây,2024-07-09 19:22:41
0819852682,19,Female,1992-07-03,Canh bông hẹ đậu hũ,37000,3,5,Món canh,2023-01-23 00:42:32
0820967344,33,Male,1983-08-21,Coca,15000,1,10,Nước ngọt,2023-12-05 00:06:10
0317874924,29,Male,1999-11-02,Rau thêm,10000,5,8,Món thêm,2023-10-07 16:25:05
0716892682,22,Male,2004-11-26,Lẩu nấm thập cẩm,157000,4,6,Lẩu,2023-05-26 17:36:23
0937724423,10,Female,1980-02-04,Ngó sen xào nấm,55000,1,3,Món xào,2024-03-29 21:20:23
0982979610,2,Female,1987-12-29,Chả giò,80000,1,1,Khai vị,2024-01-14 17:25:05
0436986976,14,Female,1977-02-04,Đậu hũ kho nấm rơm,45000,3,4,Món kho,2024-05-14 05:25:20
0525595296,7,Female,1984-06-22,Bún chả giò,65000,3,2,Món ngũ cốc,2023-01-23 10:29:20
0356020596,20,Female,2014-01-24,Canh cải chua tứ xuyên,46000,4,5,Món canh,2023-11-27 07:57:10
0299428599,20,Male,1987-10-24,Canh cải chua tứ xuyên,46000,1,5,Món canh,2024-04-04 15:23:01
0680796250,30,Female,2002-12-21,Cam cà rốt,40000,2,9,Nước trái cây,2023-01-02 13:29:19
0213844818,29,Male,1982-11-25,Rau thêm,10000,1,8,Món thêm,2024-05-01 08:26:44
0468624883,22,Male,1994-07-07,Lẩu nấm thập cẩm,157000,4,6,Lẩu,2023-10-05 02:16:40
0525595296,5,Female,1972-10-19,Khoai tây chiên bơ,45000,1,1,Khai vị,2023-02-05 18:22:30
0436986976,18,Female,2007-05-20,Tôm kho tàu,120000,4,4,Món kho,2023-01-01 01:26:22
0438370458,25,Male,1981-03-02,Gỏi chôm chôm chua ngọt,82000,4,7,Món trộn,2023-12-01 19:00:06
0328439791,11,Male,1981-09-22,Vịt chay xào,85000,1,3,Món xào,2024-04-23 08:34:38
0164718485,29,Female,1987-01-26,Rau thêm,10000,2,8,Món thêm,2023-06-04 15:44:45
0863687114,11,Male,2009-10-01,Vịt chay xào,85000,1,3,Món xào,2023-01-24 14:38:37
0716892682,23,Female,2013-02-19,Lẩu nhiệt đới,180000,2,6,Lẩu,2023-02-04 19:17:26
0726641072,19,Male,2007-01-01,Canh bông hẹ đậu hũ,37000,1,5,Món canh,2023-06-25 18:46:52
0394807538,10,Female,2002-09-29,Ngó sen xào nấm,55000,3,3,Món xào,2024-01-04 01:26:42
0312829411,5,Male,1985-08-26,Khoai tây chiên bơ,45000,5,1,Khai vị,2023-07-25 02:01:03
0250860901,5,Male,2000-02-16,Khoai tây chiên bơ,45000,3,1,Khai vị,2024-02-03 07:38:27
0955845294,16,Male,1995-10-28,Chả lụa kho tiêu,92000,1,4,Món kho,2023-07-27 17:01:23
0378207522,16,Female,1971-04-29,Chả lụa kho tiêu,92000,4,4,Món kho,2024-04-03 01:46:44
0743101268,19,Male,1980-07-14,Canh bông hẹ đậu hũ,37000,1,5,Món canh,2023-08-19 11:25:54
0438327238,1,Female,1998-03-01,Gỏi cuốn sốt đậu phộng,90000,3,1,Khai vị,2024-04-24 11:05:07
0258483422,19,Male,2007-05-09,Canh bông hẹ đậu hũ,37000,2,5,Món canh,2023-08-16 08:48:07
0656214837,23,Female,1996-01-09,Lẩu nhiệt đới,180000,2,6,Lẩu,2023-11-19 07:03:48
0515047318,14,Male,1983-01-02,Đậu hũ kho nấm rơm,45000,5,4,Món kho,2023-08-02 12:10:28
0394807538,37,Male,2000-12-23,Sữa đậu nành,35000,1,11,Sữa,2023-07-30 02:13:01
0743101268,17,Female,1987-02-23,Sườn non chay rim chua ngọt,110000,4,4,Món kho,2023-02-05 16:58:23
0250860901,2,Female,2015-07-11,Chả giò,80000,2,1,Khai vị,2024-06-18 22:20:31
0482829876,36,Male,2002-04-19,Sữa chua trái cây,35000,1,11,Sữa,2023-07-02 18:31:18
0614682676,13,Male,1995-12-06,Rong biển xào xả,53000,3,3,Món xào,2023-12-21 17:17:39
0993886318,13,Female,2010-10-12,Rong biển xào xả,53000,4,3,Món xào,2023-12-11 06:26:42
0438327238,25,Male,1971-09-06,Gỏi chôm chôm chua ngọt,82000,1,7,Món trộn,2024-02-04 13:10:20
0370625193,17,Male,2006-05-03,Sườn non chay rim chua ngọt,110000,5,4,Món kho,2023-02-22 23:13:44
0123295082,28,Male,1972-09-20,Bún thêm,10000,3,8,Món thêm,2023-04-05 15:44:29
0441620405,22,Male,1976-12-03,Lẩu nấm thập cẩm,157000,4,6,Lẩu,2023-06-06 20:12:53
0288164159,33,Female,1982-10-04,Coca,15000,1,10,Nước ngọt,2023-09-07 11:29:42
0317874924,26,Female,1986-11-18,Xà lách trộn,45000,5,7,Món trộn,2023-02-02 09:35:11
0656214837,39,Female,1991-12-27,Trà chanh thái đỏ,39000,2,12,Trà,2023-01-25 13:27:20
0743101268,24,Female,1995-04-08,Gỏi xoài khô mặn,57000,5,7,Món trộn,2023-07-23 02:44:02
0258483422,37,Male,1979-01-14,Sữa đậu nành,35000,1,11,Sữa,2024-05-27 03:26:09
0171439591,13,Male,1983-09-19,Rong biển xào xả,53000,3,3,Món xào,2023-07-16 18:04:07
0611564855,29,Female,2009-12-27,Rau thêm,10000,4,8,Món thêm,2023-06-18 10:42:40
0283976663,23,Female,2005-10-24,Lẩu nhiệt đới,180000,4,6,Lẩu,2023-03-28 14:28:46
0250860901,35,Female,2004-02-08,Sting,15000,5,10,Nước ngọt,2023-01-15 13:23:03
0336371244,31,Male,2014-10-20,Dừa tươi,35000,4,9,Nước trái cây,2023-07-20 15:50:26
0378207522,4,Male,1987-11-17,Bông cải xào tỏi,70000,1,1,Khai vị,2023-09-07 00:18:56
0227996437,29,Male,1982-03-02,Rau thêm,10000,5,8,Món thêm,2023-04-07 05:45:53
0716892682,32,Female,2007-03-07,Nha đam hạt chia,45000,4,9,Nước trái cây,2023-10-22 07:57:52
0684564482,21,Male,1987-05-25,Canh khổ qua,52000,1,5,Món canh,2023-09-08 16:30:42
0438327238,37,Female,2009-07-02,Sữa đậu nành,35000,3,11,Sữa,2023-06-07 13:38:56
0164718485,12,Female,2008-01-17,Nấm xào chay,70000,4,3,Món xào,2024-03-19 10:42:16
0123295082,34,Male,2002-06-06,7up,15000,2,10,Nước ngọt,2023-11-01 10:39:22
0756060349,24,Male,2001-02-27,Gỏi xoài khô mặn,57000,4,7,Món trộn,2023-06-26 14:27:53
0123295082,24,Female,2012-12-11,Gỏi xoài khô mặn,57000,3,7,Món trộn,2023-05-01 11:53:27
0291506024,31,Female,1972-03-30,Dừa tươi,35000,3,9,Nước trái cây,2023-05-12 17:08:48
0978749627,35,Male,1987-06-13,Sting,15000,3,10,Nước ngọt,2023-04-01 08:07:47
0613773693,25,Female,1975-03-04,Gỏi chôm chôm chua ngọt,82000,5,7,Món trộn,2024-05-31 01:14:24
0863687114,8,Female,1975-05-13,Bánh ướt,50000,4,2,Món ngũ cốc,2023-10-23 21:16:15
0315397843,1,Female,1997-09-12,Gỏi cuốn sốt đậu phộng,90000,3,1,Khai vị,2024-02-26 06:59:44
0155591228,35,Male,1973-04-07,Sting,15000,5,10,Nước ngọt,2023-03-24 11:47:23
0820967344,26,Female,1999-07-21,Xà lách trộn,45000,4,7,Món trộn,2023-06-03 08:26:33
0438327238,38,Female,1996-08-17,Trà trái cây nhiệt đới,43000,1,12,Trà,2023-03-13 19:04:30
0336371244,8,Male,1982-10-03,Bánh ướt,50000,2,2,Món ngũ cốc,2023-02-24 05:06:16
0726539476,32,Male,1999-03-12,Nha đam hạt chia,45000,5,9,Nước trái cây,2023-02-11 01:52:02
0817793216,15,Male,1975-05-27,Chân nấm kho gừng,57000,2,4,Món kho,2023-07-22 10:22:14
0790499048,9,Female,1984-08-28,Mì xào thập cẩm,47000,1,2,Món ngũ cốc,2023-08-05 23:04:57
0588733692,6,Female,1995-04-06,Cơm chiên thượng hải,75000,5,2,Món ngũ cốc,2024-05-05 14:18:54
0955845294,13,Male,1992-12-26,Rong biển xào xả,53000,3,3,Món xào,2023-07-31 15:12:45
0726539476,29,Male,2010-03-14,Rau thêm,10000,3,8,Món thêm,2023-05-12 07:03:26
0786140919,10,Male,2010-01-27,Ngó sen xào nấm,55000,5,3,Món xào,2023-04-21 17:01:59
0412633192,36,Female,2000-03-20,Sữa chua trái cây,35000,1,11,Sữa,2024-04-16 13:33:41
0332012203,11,Female,2005-09-21,Vịt chay xào,85000,3,3,Món xào,2024-07-03 09:40:38
0476981072,6,Female,1995-11-14,Cơm chiên thượng hải,75000,1,2,Món ngũ cốc,2023-06-15 17:53:35
0164718485,30,Female,2003-05-10,Cam cà rốt,40000,3,9,Nước trái cây,2024-05-05 21:57:40
0227996437,3,Male,2011-07-26,Đậu hũ chiên giòn,30000,5,1,Khai vị,2023-11-27 20:18:00
0288164159,40,Male,1981-11-28,Trà vải cam sả,40000,5,12,Trà,2024-01-27 06:26:19
0551655336,5,Female,2008-08-15,Khoai tây chiên bơ,45000,3,1,Khai vị,2024-03-28 17:54:22
0350101474,29,Male,2006-07-18,Rau thêm,10000,1,8,Món thêm,2023-09-21 20:21:56
0111228038,12,Male,1993-01-03,Nấm xào chay,70000,3,3,Món xào,2023-04-07 03:52:13
0551655336,22,Male,1977-04-15,Lẩu nấm thập cẩm,157000,4,6,Lẩu,2024-02-15 07:25:54
0726641072,13,Male,1995-05-20,Rong biển xào xả,53000,2,3,Món xào,2024-04-10 21:09:01
0936495753,27,Female,1970-09-17,Cơm thêm,10000,5,8,Món thêm,2023-10-28 15:48:00
0181804571,40,Female,1975-03-21,Trà vải cam sả,40000,3,12,Trà,2023-03-29 23:14:27
0900533702,14,Female,1993-08-30,Đậu hũ kho nấm rơm,45000,5,4,Món kho,2024-01-12 04:45:54
0883842603,7,Female,1996-08-23,Bún chả giò,65000,1,2,Món ngũ cốc,2024-01-15 00:15:02
0438327238,34,Male,1980-05-07,7up,15000,1,10,Nước ngọt,2023-11-18 13:57:58
0412633192,22,Female,1973-09-27,Lẩu nấm thập cẩm,157000,5,6,Lẩu,2023-07-26 11:45:29
0819852682,24,Male,2005-12-21,Gỏi xoài khô mặn,57000,5,7,Món trộn,2024-04-14 17:01:49
0436986976,18,Male,2004-04-28,Tôm kho tàu,120000,2,4,Món kho,2023-03-08 13:25:32
0601967909,10,Female,1974-09-12,Ngó sen xào nấm,55000,4,3,Món xào,2023-06-08 05:37:01
0242909490,40,Male,1989-05-11,Trà vải cam sả,40000,5,12,Trà,2023-07-18 15:18:44
0669466674,20,Female,1987-05-19,Canh cải chua tứ xuyên,46000,2,5,Món canh,2024-01-13 12:46:03
0356020596,13,Female,2003-04-07,Rong biển xào xả,53000,5,3,Món xào,2023-09-11 00:31:13
0227996437,7,Male,1998-11-21,Bún chả giò,65000,4,2,Món ngũ cốc,2023-10-31 00:22:08
0155591228,20,Female,2007-03-28,Canh cải chua tứ xuyên,46000,2,5,Món canh,2023-02-26 07:33:49
0614682676,5,Male,2010-10-26,Khoai tây chiên bơ,45000,4,1,Khai vị,2024-02-21 10:42:55
0315397843,17,Male,2008-06-04,Sườn non chay rim chua ngọt,110000,5,4,Món kho,2024-01-29 11:21:35
0581702741,35,Female,1988-02-16,Sting,15000,2,10,Nước ngọt,2024-04-23 10:43:30
0215341668,16,Female,2005-03-06,Chả lụa kho tiêu,92000,2,4,Món kho,2023-12-07 16:41:13
0310785597,26,Male,2005-03-14,Xà lách trộn,45000,5,7,Món trộn,2023-05-19 22:41:23
0601967909,23,Male,2006-10-30,Lẩu nhiệt đới,180000,2,6,Lẩu,2023-09-19 11:29:28
0336371244,15,Male,1977-04-03,Chân nấm kho gừng,57000,3,4,Món kho,2024-01-12 03:19:37
0347326507,10,Male,1982-10-13,Ngó sen xào nấm,55000,2,3,Món xào,2024-06-29 10:32:11
0252048003,17,Male,2013-09-28,Sườn non chay rim chua ngọt,110000,3,4,Món kho,2023-06-03 12:14:12
0809853133,18,Female,2007-06-11,Tôm kho tàu,120000,2,4,Món kho,2024-03-23 02:19:31
0726641072,6,Male,1979-12-06,Cơm chiên thượng hải,75000,4,2,Món ngũ cốc,2023-11-25 09:53:50
0328439791,30,Female,1991-02-16,Cam cà rốt,40000,4,9,Nước trái cây,2023-01-15 15:25:48
0378207522,40,Female,2000-09-11,Trà vải cam sả,40000,4,12,Trà,2023-08-09 15:14:37
0891456670,6,Female,2006-07-31,Cơm chiên thượng hải,75000,4,2,Món ngũ cốc,2023-06-01 17:22:50
0614682676,17,Female,1991-03-19,Sườn non chay rim chua ngọt,110000,2,4,Món kho,2023-04-25 16:35:30
0802830585,8,Female,2002-04-17,Bánh ướt,50000,2,2,Món ngũ cốc,2023-08-20 01:27:33
0438331021,24,Female,1988-10-31,Gỏi xoài khô mặn,57000,3,7,Món trộn,2023-07-19 14:35:47
0974227956,32,Female,1999-01-31,Nha đam hạt chia,45000,1,9,Nước trái cây,2023-08-14 19:04:18
0356020596,4,Male,1991-06-07,Bông cải xào tỏi,70000,2,1,Khai vị,2024-05-23 12:54:55
0613773693,19,Female,2007-06-29,Canh bông hẹ đậu hũ,37000,2,5,Món canh,2023-10-05 17:11:44
0732630255,31,Male,2007-10-19,Dừa tươi,35000,3,9,Nước trái cây,2023-11-25 03:01:46
0468624883,5,Female,1983-05-20,Khoai tây chiên bơ,45000,3,1,Khai vị,2023-11-18 12:28:51
0347326507,38,Female,2000-08-29,Trà trái cây nhiệt đới,43000,1,12,Trà,2024-07-12 14:24:01
0784122396,9,Male,2007-01-08,Mì xào thập cẩm,47000,1,2,Món ngũ cốc,2023-03-23 04:39:30
0614682676,16,Male,1988-03-27,Chả lụa kho tiêu,92000,2,4,Món kho,2023-11-19 19:11:12
0863687114,18,Female,1980-11-18,Tôm kho tàu,120000,2,4,Món kho,2023-12-16 17:21:08
0188247504,30,Female,2010-10-13,Cam cà rốt,40000,2,9,Nước trái cây,2023-12-09 00:00:55
0155591228,38,Female,1972-09-26,Trà trái cây nhiệt đới,43000,5,12,Trà,2024-07-07 16:14:06
0291506024,15,Female,2013-06-25,Chân nấm kho gừng,57000,3,4,Món kho,2023-08-04 02:31:12
0595723551,14,Male,2001-09-08,Đậu hũ kho nấm rơm,45000,4,4,Món kho,2023-11-14 03:45:45
0299428599,15,Male,2013-11-22,Chân nấm kho gừng,57000,3,4,Món kho,2024-04-03 10:55:52
0993886318,22,Female,1993-05-25,Lẩu nấm thập cẩm,157000,2,6,Lẩu,2024-03-24 07:51:27
0684564482,36,Female,1977-08-22,Sữa chua trái cây,35000,3,11,Sữa,2024-03-27 06:00:00
0669466674,33,Female,1987-01-13,Coca,15000,2,10,Nước ngọt,2023-09-12 03:53:30
0684564482,7,Male,1975-02-13,Bún chả giò,65000,3,2,Món ngũ cốc,2023-03-15 11:59:31
0937724423,22,Female,1975-06-10,Lẩu nấm thập cẩm,157000,3,6,Lẩu,2024-07-08 20:24:18
0188247504,2,Female,1984-07-13,Chả giò,80000,5,1,Khai vị,2023-01-08 19:21:17
0188247504,16,Female,2002-09-14,Chả lụa kho tiêu,92000,5,4,Món kho,2024-05-27 10:12:35
0786140919,27,Female,1994-07-10,Cơm thêm,10000,1,8,Món thêm,2023-09-25 12:36:05
0680796250,14,Female,2004-08-05,Đậu hũ kho nấm rơm,45000,2,4,Món kho,2023-01-25 04:40:19
0370625193,12,Female,1980-01-31,Nấm xào chay,70000,2,3,Món xào,2023-02-27 17:08:22
0809853133,12,Male,1983-10-17,Nấm xào chay,70000,1,3,Món xào,2023-11-06 18:58:53
0588733692,35,Male,2014-03-08,Sting,15000,1,10,Nước ngọt,2024-04-04 08:52:50
0160810307,2,Male,1997-05-26,Chả giò,80000,2,1,Khai vị,2023-02-18 01:00:07
0227996437,1,Male,1996-11-21,Gỏi cuốn sốt đậu phộng,90000,5,1,Khai vị,2023-08-26 14:39:35
0756060349,8,Male,1979-04-23,Bánh ướt,50000,3,2,Món ngũ cốc,2023-06-10 20:22:44
0482829876,35,Male,1977-09-08,Sting,15000,5,10,Nước ngọt,2024-06-28 18:23:23
0347326507,9,Female,2003-08-27,Mì xào thập cẩm,47000,4,2,Món ngũ cốc,2024-01-13 12:18:32
0441620405,36,Male,2013-09-20,Sữa chua trái cây,35000,2,11,Sữa,2023-07-17 03:25:38
0310785597,39,Male,2013-09-10,Trà chanh thái đỏ,39000,5,12,Trà,2023-03-28 12:28:12
0181804571,1,Male,1990-08-12,Gỏi cuốn sốt đậu phộng,90000,1,1,Khai vị,2024-07-17 18:31:46
0188247504,6,Female,2008-05-20,Cơm chiên thượng hải,75000,1,2,Món ngũ cốc,2024-03-31 05:53:27
0378207522,20,Male,1986-04-17,Canh cải chua tứ xuyên,46000,4,5,Món canh,2024-05-30 20:36:31
0757134506,23,Female,1998-06-25,Lẩu nhiệt đới,180000,2,6,Lẩu,2024-04-11 11:20:34
0955845294,8,Female,2010-10-16,Bánh ướt,50000,2,2,Món ngũ cốc,2024-03-12 19:07:40
0716892682,2,Male,1994-12-24,Chả giò,80000,3,1,Khai vị,2024-02-13 06:56:47
0732630255,36,Female,2008-11-22,Sữa chua trái cây,35000,4,11,Sữa,2023-08-16 15:59:54
0978749627,27,Female,2006-06-09,Cơm thêm,10000,4,8,Món thêm,2024-07-01 10:36:10
0347326507,10,Female,2006-06-07,Ngó sen xào nấm,55000,3,3,Món xào,2024-05-17 02:41:50
0155591228,30,Female,1998-05-05,Cam cà rốt,40000,2,9,Nước trái cây,2024-05-09 00:44:35
0820967344,1,Female,1991-03-29,Gỏi cuốn sốt đậu phộng,90000,2,1,Khai vị,2024-02-23 01:23:55
0111228038,19,Female,2004-09-09,Canh bông hẹ đậu hũ,37000,3,5,Món canh,2023-05-27 04:35:35
0637185453,1,Female,2007-02-14,Gỏi cuốn sốt đậu phộng,90000,3,1,Khai vị,2023-11-04 00:30:22
0936495753,5,Male,1970-08-01,Khoai tây chiên bơ,45000,5,1,Khai vị,2023-05-03 15:16:44
0123295082,25,Female,1982-01-09,Gỏi chôm chôm chua ngọt,82000,5,7,Món trộn,2024-02-21 14:02:38
0820967344,36,Female,2013-08-28,Sữa chua trái cây,35000,5,11,Sữa,2024-02-25 11:30:10
0863815256,1,Female,1978-12-31,Gỏi cuốn sốt đậu phộng,90000,3,1,Khai vị,2023-07-27 00:20:01
0624053847,25,Female,1976-05-12,Gỏi chôm chôm chua ngọt,82000,2,7,Món trộn,2024-03-29 01:00:23
0227996437,31,Male,1976-06-16,Dừa tươi,35000,1,9,Nước trái cây,2023-03-12 15:58:07
0819852682,31,Female,1999-11-09,Dừa tươi,35000,3,9,Nước trái cây,2023-04-09 20:12:16
0242909490,10,Female,1994-02-13,Ngó sen xào nấm,55000,3,3,Món xào,2023-07-29 16:56:04
0164718485,22,Female,1977-03-29,Lẩu nấm thập cẩm,157000,2,6,Lẩu,2023-01-04 22:18:51
0350101474,2,Female,1978-09-14,Chả giò,80000,1,1,Khai vị,2023-03-02 23:55:39
0982979610,4,Male,1996-07-29,Bông cải xào tỏi,70000,1,1,Khai vị,2023-07-03 12:47:39
0614682676,8,Female,2000-01-26,Bánh ướt,50000,5,2,Món ngũ cốc,2024-02-27 21:07:18
0350101474,26,Male,1988-03-19,Xà lách trộn,45000,4,7,Món trộn,2023-09-06 22:31:59
0588733692,22,Male,1984-10-08,Lẩu nấm thập cẩm,157000,1,6,Lẩu,2023-09-05 08:50:05
0790499048,28,Male,2009-08-19,Bún thêm,10000,1,8,Món thêm,2023-10-26 16:20:14
0595723551,6,Female,2003-04-29,Cơm chiên thượng hải,75000,1,2,Món ngũ cốc,2023-08-12 17:36:37
0669466674,39,Male,2009-02-12,Trà chanh thái đỏ,39000,1,12,Trà,2024-01-27 07:29:15
0328439791,14,Male,1992-10-23,Đậu hũ kho nấm rơm,45000,3,4,Món kho,2024-02-06 06:57:50
0732630255,18,Female,1982-05-28,Tôm kho tàu,120000,4,4,Món kho,2023-01-01 12:40:47
0588733692,22,Male,1977-02-23,Lẩu nấm thập cẩm,157000,1,6,Lẩu,2023-08-23 01:09:58
0441620405,39,Female,1989-08-27,Trà chanh thái đỏ,39000,4,12,Trà,2023-04-12 02:13:28
0684564482,15,Male,1992-12-29,Chân nấm kho gừng,57000,1,4,Món kho,2023-01-31 05:57:45
0476981072,12,Male,2012-09-16,Nấm xào chay,70000,4,3,Món xào,2024-06-03 13:30:27
0181804571,24,Female,1970-08-02,Gỏi xoài khô mặn,57000,2,7,Món trộn,2024-06-27 11:18:15
0883842603,36,Female,1986-03-07,Sữa chua trái cây,35000,1,11,Sữa,2024-01-27 03:49:25
0726539476,24,Male,1992-04-29,Gỏi xoài khô mặn,57000,4,7,Món trộn,2023-10-23 03:15:53
0164718485,3,Male,1991-05-17,Đậu hũ chiên giòn,30000,4,1,Khai vị,2023-09-30 17:43:13
0978749627,3,Female,2009-03-12,Đậu hũ chiên giòn,30000,3,1,Khai vị,2023-06-30 06:37:03
0601967909,13,Female,1999-04-02,Rong biển xào xả,53000,3,3,Món xào,2024-01-08 22:43:24
0733524171,5,Female,1993-07-13,Khoai tây chiên bơ,45000,2,1,Khai vị,2023-02-09 03:12:27
0350101474,30,Female,2006-01-13,Cam cà rốt,40000,2,9,Nước trái cây,2023-07-12 07:18:06
0111228038,16,Female,1983-09-01,Chả lụa kho tiêu,92000,5,4,Món kho,2023-08-30 12:32:30
0978749627,40,Male,1977-05-13,Trà vải cam sả,40000,3,12,Trà,2024-07-10 19:42:18
0732630255,35,Female,1996-01-12,Sting,15000,2,10,Nước ngọt,2023-12-24 04:59:19
0438327238,20,Male,2009-08-30,Canh cải chua tứ xuyên,46000,4,5,Món canh,2023-02-16 19:06:20
0611564855,33,Male,2007-03-11,Coca,15000,3,10,Nước ngọt,2024-06-09 03:07:18
0160810307,9,Male,1972-05-09,Mì xào thập cẩm,47000,5,2,Món ngũ cốc,2023-10-30 18:40:22
0441620405,35,Male,2009-08-23,Sting,15000,3,10,Nước ngọt,2023-08-06 11:40:22
0310785597,22,Male,2010-11-15,Lẩu nấm thập cẩm,157000,3,6,Lẩu,2023-02-18 11:40:36
0509868840,20,Male,1976-05-03,Canh cải chua tứ xuyên,46000,2,5,Món canh,2024-07-13 16:20:25
0656214837,29,Female,1987-02-16,Rau thêm,10000,4,8,Món thêm,2024-04-09 13:37:34
0604426601,9,Male,1985-07-02,Mì xào thập cẩm,47000,1,2,Món ngũ cốc,2024-01-23 07:43:54
0819852682,21,Female,2015-08-23,Canh khổ qua,52000,1,5,Món canh,2023-08-04 19:16:29
0633611656,23,Male,1973-08-28,Lẩu nhiệt đới,180000,2,6,Lẩu,2024-07-10 05:01:01
0288164159,9,Male,2015-07-04,Mì xào thập cẩm,47000,5,2,Món ngũ cốc,2023-09-16 10:45:03
0525595296,30,Female,1996-04-09,Cam cà rốt,40000,3,9,Nước trái cây,2023-12-28 17:21:30
0756060349,20,Female,1987-08-26,Canh cải chua tứ xuyên,46000,1,5,Món canh,2023-10-02 19:58:05
0611564855,26,Female,2006-08-21,Xà lách trộn,45000,1,7,Món trộn,2023-11-22 23:22:21
0790499048,4,Male,1980-04-02,Bông cải xào tỏi,70000,5,1,Khai vị,2024-06-24 14:06:34
0317874924,24,Female,2012-11-14,Gỏi xoài khô mặn,57000,3,7,Món trộn,2023-02-15 09:26:03
0974227956,40,Male,1992-03-12,Trà vải cam sả,40000,2,12,Trà,2024-02-04 07:59:26
0611564855,19,Male,1985-10-04,Canh bông hẹ đậu hũ,37000,5,5,Món canh,2023-11-28 21:55:51
0993886318,36,Male,2008-08-21,Sữa chua trái cây,35000,3,11,Sữa,2023-12-19 02:46:31
0155591228,20,Female,1978-05-14,Canh cải chua tứ xuyên,46000,1,5,Món canh,2023-09-17 23:27:44
0819852682,21,Female,1999-10-12,Canh khổ qua,52000,3,5,Món canh,2023-02-06 19:10:57
0936495753,16,Male,1970-12-17,Chả lụa kho tiêu,92000,5,4,Món kho,2024-05-14 20:57:08
0863687114,20,Female,2014-06-10,Canh cải chua tứ xuyên,46000,2,5,Món canh,2023-09-21 22:17:43
0336371244,24,Male,1972-02-25,Gỏi xoài khô mặn,57000,1,7,Món trộn,2023-07-23 21:18:28
0978749627,25,Female,1998-07-19,Gỏi chôm chôm chua ngọt,82000,3,7,Món trộn,2024-01-13 04:38:59
0258483422,11,Female,2012-08-04,Vịt chay xào,85000,4,3,Món xào,2023-11-13 10:45:59
0394807538,14,Female,1972-02-29,Đậu hũ kho nấm rơm,45000,4,4,Món kho,2024-04-24 00:45:30
0350101474,2,Male,1990-04-03,Chả giò,80000,5,1,Khai vị,2024-07-02 12:18:45
0732630255,7,Female,1982-07-20,Bún chả giò,65000,2,2,Món ngũ cốc,2023-02-05 12:57:30
0356020596,30,Male,2007-10-11,Cam cà rốt,40000,4,9,Nước trái cây,2023-08-04 09:52:19
0299428599,22,Female,2005-01-29,Lẩu nấm thập cẩm,157000,2,6,Lẩu,2024-04-23 13:38:05
0438331021,34,Male,2005-12-11,7up,15000,4,10,Nước ngọt,2023-03-17 13:44:33
0155591228,22,Female,2004-12-05,Lẩu nấm thập cẩm,157000,1,6,Lẩu,2023-07-10 23:32:34
0242909490,28,Female,1982-04-12,Bún thêm,10000,5,8,Món thêm,2023-12-01 02:37:40
0601967909,3,Female,1982-11-06,Đậu hũ chiên giòn,30000,1,1,Khai vị,2024-04-12 14:30:09
0350101474,32,Female,1996-11-02,Nha đam hạt chia,45000,2,9,Nước trái cây,2023-03-23 17:20:27
0624053847,25,Male,1981-03-01,Gỏi chôm chôm chua ngọt,82000,1,7,Món trộn,2023-11-10 23:39:41
0668502954,31,Male,1972-08-22,Dừa tươi,35000,5,9,Nước trái cây,2023-01-10 13:43:20
0581702741,10,Female,1985-06-21,Ngó sen xào nấm,55000,3,3,Món xào,2023-04-02 00:19:58
0171439591,38,Female,1989-03-31,Trà trái cây nhiệt đới,43000,4,12,Trà,2023-05-06 23:53:43
0743101268,4,Male,1980-02-03,Bông cải xào tỏi,70000,4,1,Khai vị,2024-01-17 03:56:11
0213844818,13,Female,2004-09-03,Rong biển xào xả,53000,5,3,Món xào,2023-05-11 14:34:43
0669466674,13,Male,1986-09-20,Rong biển xào xả,53000,4,3,Món xào,2023-02-24 05:59:07
0524494474,33,Female,1995-04-18,Coca,15000,3,10,Nước ngọt,2023-02-06 13:18:31
0757134506,35,Female,1994-03-16,Sting,15000,1,10,Nước ngọt,2023-08-23 04:32:44
0595723551,19,Male,2004-10-27,Canh bông hẹ đậu hũ,37000,1,5,Món canh,2023-03-29 18:15:56
0436986976,7,Male,1997-09-20,Bún chả giò,65000,2,2,Món ngũ cốc,2024-06-23 07:33:24
0611564855,28,Female,1973-05-21,Bún thêm,10000,1,8,Món thêm,2023-03-19 06:53:12
0588733692,4,Female,2006-10-24,Bông cải xào tỏi,70000,3,1,Khai vị,2024-07-01 14:29:23
0515047318,4,Female,1975-06-26,Bông cải xào tỏi,70000,2,1,Khai vị,2024-07-12 19:43:38
0258483422,35,Female,1991-04-24,Sting,15000,2,10,Nước ngọt,2023-07-29 18:48:24
0614682676,22,Female,2008-02-22,Lẩu nấm thập cẩm,157000,1,6,Lẩu,2023-12-05 17:46:52
0786140919,33,Female,1993-12-12,Coca,15000,2,10,Nước ngọt,2024-04-16 20:22:49
0328439791,8,Male,1979-04-06,Bánh ướt,50000,3,2,Món ngũ cốc,2023-09-18 13:56:43
0288164159,35,Female,2001-03-25,Sting,15000,2,10,Nước ngọt,2023-05-19 13:46:49
0310785597,19,Male,1986-07-17,Canh bông hẹ đậu hũ,37000,2,5,Món canh,2023-02-26 17:22:42
0601967909,10,Female,2001-07-29,Ngó sen xào nấm,55000,2,3,Món xào,2023-02-24 03:12:40
0743101268,33,Female,1973-06-25,Coca,15000,4,10,Nước ngọt,2023-12-08 05:00:35
0258483422,4,Female,1975-03-13,Bông cải xào tỏi,70000,4,1,Khai vị,2023-10-13 15:32:30
0669466674,34,Female,1977-12-21,7up,15000,2,10,Nước ngọt,2023-08-05 00:23:33
0515047318,14,Male,1984-09-22,Đậu hũ kho nấm rơm,45000,2,4,Món kho,2023-02-26 09:39:45
0188247504,10,Male,2003-06-20,Ngó sen xào nấm,55000,2,3,Món xào,2024-03-07 06:17:33
0624053847,22,Male,2008-12-16,Lẩu nấm thập cẩm,157000,4,6,Lẩu,2024-06-11 08:42:38
0328439791,13,Female,1997-10-10,Rong biển xào xả,53000,2,3,Món xào,2024-07-13 13:05:17
0863687114,5,Male,1991-09-25,Khoai tây chiên bơ,45000,3,1,Khai vị,2024-06-13 10:43:47
0726641072,39,Female,1989-04-19,Trà chanh thái đỏ,39000,4,12,Trà,2023-04-03 02:09:07
0743101268,16,Male,2015-08-01,Chả lụa kho tiêu,92000,3,4,Món kho,2023-12-22 21:30:48
0242909490,4,Female,2015-03-18,Bông cải xào tỏi,70000,4,1,Khai vị,2024-01-11 07:21:07
0283976663,37,Female,1979-03-28,Sữa đậu nành,35000,1,11,Sữa,2023-03-14 12:04:51
0242909490,35,Male,1986-01-10,Sting,15000,3,10,Nước ngọt,2023-03-28 14:15:01
0450495295,31,Male,1988-09-08,Dừa tươi,35000,2,9,Nước trái cây,2024-05-15 19:39:05
0482829876,10,Female,2005-10-03,Ngó sen xào nấm,55000,4,3,Món xào,2023-04-19 14:40:49
0350101474,1,Male,1994-10-01,Gỏi cuốn sốt đậu phộng,90000,1,1,Khai vị,2023-03-09 16:30:54
0468624883,1,Male,2008-12-03,Gỏi cuốn sốt đậu phộng,90000,2,1,Khai vị,2023-09-24 03:24:31
0441620405,11,Female,1992-04-14,Vịt chay xào,85000,3,3,Món xào,2023-10-01 15:31:14
0896049281,39,Female,1977-09-19,Trà chanh thái đỏ,39000,2,12,Trà,2024-06-24 11:37:46
0312829411,26,Female,1997-09-21,Xà lách trộn,45000,1,7,Món trộn,2023-02-14 16:16:26
0350101474,17,Male,1989-11-18,Sườn non chay rim chua ngọt,110000,4,4,Món kho,2023-05-16 01:23:13
0312829411,9,Female,1976-12-15,Mì xào thập cẩm,47000,2,2,Món ngũ cốc,2023-03-05 00:14:04
0188247504,2,Male,2007-10-05,Chả giò,80000,1,1,Khai vị,2023-12-14 17:08:06
0524494474,14,Male,1979-11-24,Đậu hũ kho nấm rơm,45000,2,4,Món kho,2023-02-09 20:54:46
0802830585,30,Female,2009-10-04,Cam cà rốt,40000,5,9,Nước trái cây,2023-08-21 15:39:44
0350101474,20,Female,1997-08-10,Canh cải chua tứ xuyên,46000,3,5,Món canh,2023-06-16 17:53:39
0394807538,35,Female,1977-02-25,Sting,15000,3,10,Nước ngọt,2023-05-15 23:33:08
0588733692,28,Male,1979-02-25,Bún thêm,10000,4,8,Món thêm,2024-01-19 02:35:44
0624053847,1,Male,2008-05-02,Gỏi cuốn sốt đậu phộng,90000,4,1,Khai vị,2023-03-02 12:50:51
0743101268,40,Female,1985-01-08,Trà vải cam sả,40000,1,12,Trà,2023-11-23 22:51:38
0188247504,34,Female,1998-01-09,7up,15000,3,10,Nước ngọt,2024-07-17 16:16:37
0896049281,15,Female,2013-03-02,Chân nấm kho gừng,57000,5,4,Món kho,2024-06-01 05:19:50
0215341668,23,Female,1992-02-25,Lẩu nhiệt đới,180000,2,6,Lẩu,2024-01-08 12:52:58
0525595296,17,Female,1974-08-09,Sườn non chay rim chua ngọt,110000,3,4,Món kho,2024-03-03 14:16:17
0819852682,17,Female,2003-05-27,Sườn non chay rim chua ngọt,110000,2,4,Món kho,2023-06-16 03:11:35
0394807538,28,Female,1983-03-09,Bún thêm,10000,3,8,Món thêm,2023-02-25 07:02:03
0955845294,9,Female,1998-10-08,Mì xào thập cẩm,47000,1,2,Món ngũ cốc,2023-01-11 04:54:25
0164718485,27,Female,2014-08-13,Cơm thêm,10000,4,8,Món thêm,2023-05-25 14:23:39
0524494474,18,Male,2013-03-31,Tôm kho tàu,120000,3,4,Món kho,2023-09-05 10:12:32
0312829411,14,Female,2012-04-15,Đậu hũ kho nấm rơm,45000,3,4,Món kho,2024-01-04 08:56:20
0155591228,40,Male,2014-02-25,Trà vải cam sả,40000,1,12,Trà,2023-11-15 23:02:23
0252048003,5,Male,2002-03-22,Khoai tây chiên bơ,45000,4,1,Khai vị,2023-02-23 17:48:40
0164718485,26,Female,1997-06-23,Xà lách trộn,45000,2,7,Món trộn,2023-07-14 04:03:53
0436986976,27,Female,1994-08-18,Cơm thêm,10000,3,8,Món thêm,2023-03-18 01:23:40
0215341668,5,Female,2003-03-01,Khoai tây chiên bơ,45000,5,1,Khai vị,2023-11-25 06:24:15
0819852682,8,Female,1972-08-01,Bánh ướt,50000,5,2,Món ngũ cốc,2024-02-12 11:38:31
0726539476,13,Male,2012-07-22,Rong biển xào xả,53000,4,3,Món xào,2023-07-30 13:06:41
0350101474,20,Female,1975-03-06,Canh cải chua tứ xuyên,46000,3,5,Món canh,2024-06-16 11:05:22
0350101474,5,Male,1994-09-29,Khoai tây chiên bơ,45000,2,1,Khai vị,2024-07-07 06:14:53
0937724423,38,Male,2003-11-26,Trà trái cây nhiệt đới,43000,5,12,Trà,2024-02-04 08:26:07
0438327238,39,Female,1987-05-25,Trà chanh thái đỏ,39000,1,12,Trà,2023-11-28 12:23:52
0817793216,37,Male,2013-01-16,Sữa đậu nành,35000,5,11,Sữa,2023-12-01 07:34:26
0108794091,21,Female,1992-07-25,Canh khổ qua,52000,2,5,Món canh,2024-01-18 09:50:28
0356020596,40,Male,1970-07-20,Trà vải cam sả,40000,1,12,Trà,2024-04-16 00:50:23
0336371244,15,Female,2010-03-07,Chân nấm kho gừng,57000,1,4,Món kho,2023-08-05 10:45:45
0515047318,36,Female,1992-09-16,Sữa chua trái cây,35000,1,11,Sữa,2024-05-22 05:51:01
0978749627,37,Female,1973-04-30,Sữa đậu nành,35000,4,11,Sữa,2023-04-21 16:07:59
0215341668,24,Male,2005-02-07,Gỏi xoài khô mặn,57000,1,7,Món trộn,2023-09-07 15:44:41
0757134506,14,Male,1981-01-05,Đậu hũ kho nấm rơm,45000,3,4,Món kho,2023-07-07 05:07:27
0241530747,32,Female,1992-08-02,Nha đam hạt chia,45000,2,9,Nước trái cây,2023-10-02 02:55:21
0578285658,20,Male,1975-10-20,Canh cải chua tứ xuyên,46000,3,5,Món canh,2023-04-22 10:52:52
0784122396,20,Male,2012-09-06,Canh cải chua tứ xuyên,46000,2,5,Món canh,2023-06-23 16:20:50
0299428599,27,Male,1982-10-17,Cơm thêm,10000,5,8,Món thêm,2024-05-26 06:13:07
0299428599,7,Female,1985-07-09,Bún chả giò,65000,5,2,Món ngũ cốc,2024-01-01 20:51:41
0283976663,21,Female,1997-07-06,Canh khổ qua,52000,1,5,Món canh,2023-09-22 01:15:32
0317874924,19,Male,1977-06-01,Canh bông hẹ đậu hũ,37000,4,5,Món canh,2023-11-02 03:40:53
0438327238,35,Male,1979-08-03,Sting,15000,5,10,Nước ngọt,2024-05-23 15:29:28
0756060349,6,Male,1970-08-28,Cơm chiên thượng hải,75000,3,2,Món ngũ cốc,2024-05-26 17:57:16
0733524171,33,Male,1994-04-03,Coca,15000,2,10,Nước ngọt,2023-04-05 23:44:53
0317874924,17,Male,1995-08-26,Sườn non chay rim chua ngọt,110000,1,4,Món kho,2024-01-12 15:45:26
0726641072,10,Male,1987-02-03,Ngó sen xào nấm,55000,5,3,Món xào,2023-06-02 20:44:17
0412633192,19,Female,1982-07-04,Canh bông hẹ đậu hũ,37000,5,5,Món canh,2023-09-20 10:37:19
0155591228,40,Male,1970-08-23,Trà vải cam sả,40000,3,12,Trà,2023-01-10 16:08:30
0757134506,5,Male,1993-11-01,Khoai tây chiên bơ,45000,4,1,Khai vị,2023-09-01 16:30:01
0450495295,36,Male,1981-12-17,Sữa chua trái cây,35000,2,11,Sữa,2024-02-15 00:57:37
0726641072,27,Male,2000-01-30,Cơm thêm,10000,5,8,Món thêm,2023-10-07 08:10:44
0944600799,17,Male,1977-03-07,Sườn non chay rim chua ngọt,110000,4,4,Món kho,2023-07-16 08:47:38
0171439591,3,Female,1989-06-13,Đậu hũ chiên giòn,30000,3,1,Khai vị,2023-01-30 16:33:17
0450495295,19,Male,2007-11-19,Canh bông hẹ đậu hũ,37000,4,5,Món canh,2024-04-14 23:44:18
0808079071,39,Male,1983-11-17,Trà chanh thái đỏ,39000,5,12,Trà,2023-02-08 10:05:57
0252048003,20,Male,2013-04-18,Canh cải chua tứ xuyên,46000,2,5,Món canh,2023-06-30 12:30:10
0525595296,15,Male,2009-10-25,Chân nấm kho gừng,57000,1,4,Món kho,2023-10-12 07:43:59
0733524171,3,Male,2006-07-17,Đậu hũ chiên giòn,30000,5,1,Khai vị,2024-04-26 10:44:36
0733524171,5,Male,2005-01-05,Khoai tây chiên bơ,45000,4,1,Khai vị,2023-04-13 20:51:06
0315397843,16,Male,1982-12-28,Chả lụa kho tiêu,92000,5,4,Món kho,2024-03-18 05:14:29
0900533702,19,Male,1994-04-20,Canh bông hẹ đậu hũ,37000,4,5,Món canh,2024-01-17 01:41:02
0356020596,5,Male,1993-10-19,Khoai tây chiên bơ,45000,4,1,Khai vị,2023-02-19 00:12:10
0250860901,38,Female,1983-02-20,Trà trái cây nhiệt đới,43000,4,12,Trà,2024-05-28 09:15:58
0611564855,12,Female,2001-05-05,Nấm xào chay,70000,3,3,Món xào,2024-02-20 21:13:39
0438331021,19,Male,1984-05-09,Canh bông hẹ đậu hũ,37000,2,5,Món canh,2023-03-18 11:01:31
0680796250,19,Female,1996-10-26,Canh bông hẹ đậu hũ,37000,1,5,Món canh,2023-03-14 22:14:47
0283976663,33,Female,1993-01-16,Coca,15000,2,10,Nước ngọt,2023-09-13 23:00:45
0436986976,38,Male,1970-10-20,Trà trái cây nhiệt đới,43000,5,12,Trà,2023-04-09 12:43:54
0809853133,30,Female,2007-04-02,Cam cà rốt,40000,3,9,Nước trái cây,2024-01-18 01:57:03
0522141779,1,Female,1980-07-07,Gỏi cuốn sốt đậu phộng,90000,4,1,Khai vị,2023-06-22 16:39:51
0438370458,33,Female,1970-08-27,Coca,15000,4,10,Nước ngọt,2023-12-03 01:58:49
0468624883,11,Male,1983-12-10,Vịt chay xào,85000,3,3,Món xào,2023-09-14 04:18:42
0288164159,26,Male,1986-05-30,Xà lách trộn,45000,4,7,Món trộn,2023-07-04 14:48:25
0108794091,9,Male,1998-07-27,Mì xào thập cẩm,47000,2,2,Món ngũ cốc,2023-04-20 18:05:55
0819852682,14,Female,1983-08-18,Đậu hũ kho nấm rơm,45000,2,4,Món kho,2023-11-10 15:44:06
0299428599,32,Female,1974-05-29,Nha đam hạt chia,45000,1,9,Nước trái cây,2024-06-28 12:20:29
0790499048,32,Male,1980-07-02,Nha đam hạt chia,45000,1,9,Nước trái cây,2023-08-31 06:47:48
0601967909,9,Female,2013-09-23,Mì xào thập cẩm,47000,4,2,Món ngũ cốc,2024-06-21 14:31:53
0896049281,37,Female,1974-04-05,Sữa đậu nành,35000,1,11,Sữa,2024-03-11 22:30:49
0509868840,21,Male,2011-01-17,Canh khổ qua,52000,4,5,Món canh,2023-06-03 07:04:51
0680796250,35,Female,2008-06-11,Sting,15000,4,10,Nước ngọt,2024-02-20 06:28:04
0315397843,7,Male,1986-07-12,Bún chả giò,65000,4,2,Món ngũ cốc,2024-02-21 20:40:49
0757134506,30,Male,1975-08-19,Cam cà rốt,40000,3,9,Nước trái cây,2024-01-06 22:13:14
0684564482,38,Male,2005-12-16,Trà trái cây nhiệt đới,43000,2,12,Trà,2024-07-03 05:09:59
0790499048,33,Female,2003-10-04,Coca,15000,2,10,Nước ngọt,2023-03-24 18:30:11
0482829876,38,Male,1992-02-01,Trà trái cây nhiệt đới,43000,1,12,Trà,2023-07-27 18:34:44
0299428599,26,Female,2002-09-06,Xà lách trộn,45000,1,7,Món trộn,2023-02-24 07:40:37
0436986976,28,Female,2008-06-19,Bún thêm,10000,3,8,Món thêm,2023-09-17 15:16:31
0438327238,33,Male,2002-02-19,Coca,15000,1,10,Nước ngọt,2023-01-28 01:26:09
0258483422,25,Male,2009-06-21,Gỏi chôm chôm chua ngọt,82000,2,7,Món trộn,2023-12-15 08:04:24
0819852682,13,Male,2004-05-24,Rong biển xào xả,53000,3,3,Món xào,2024-01-11 16:52:00
0215341668,19,Female,1971-08-25,Canh bông hẹ đậu hũ,37000,3,5,Món canh,2023-03-01 05:37:56
0171439591,31,Male,1992-10-24,Dừa tươi,35000,4,9,Nước trái cây,2023-05-24 07:15:53
0786140919,20,Male,2005-07-19,Canh cải chua tứ xuyên,46000,2,5,Món canh,2024-05-08 18:01:22
0450495295,1,Female,2001-01-16,Gỏi cuốn sốt đậu phộng,90000,1,1,Khai vị,2023-07-10 08:12:54
0808079071,23,Female,2006-05-15,Lẩu nhiệt đới,180000,4,6,Lẩu,2023-09-28 05:09:08
0863687114,39,Female,2013-04-26,Trà chanh thái đỏ,39000,5,12,Trà,2023-03-02 05:25:47
0937724423,8,Male,2014-06-27,Bánh ướt,50000,3,2,Món ngũ cốc,2023-12-07 12:35:10
0164718485,10,Female,1996-01-30,Ngó sen xào nấm,55000,1,3,Món xào,2024-05-17 04:22:47
0241530747,6,Male,1983-01-06,Cơm chiên thượng hải,75000,3,2,Món ngũ cốc,2023-02-23 01:43:55
0786140919,34,Female,1972-10-02,7up,15000,1,10,Nước ngọt,2023-03-10 10:59:53
0604426601,26,Female,1989-03-08,Xà lách trộn,45000,4,7,Món trộn,2024-01-15 03:02:49
0637185453,30,Male,1991-01-29,Cam cà rốt,40000,2,9,Nước trái cây,2023-12-12 05:42:01
0982979610,17,Male,1986-04-12,Sườn non chay rim chua ngọt,110000,3,4,Món kho,2024-04-12 10:21:51
0802830585,39,Female,1984-06-27,Trà chanh thái đỏ,39000,1,12,Trà,2023-05-25 08:26:22
0819852682,24,Male,1970-03-16,Gỏi xoài khô mặn,57000,5,7,Món trộn,2023-04-02 08:21:36
0412633192,10,Male,2003-12-07,Ngó sen xào nấm,55000,5,3,Món xào,2023-12-21 05:59:13
0394807538,9,Female,1981-05-13,Mì xào thập cẩm,47000,3,2,Món ngũ cốc,2023-12-15 09:46:26
0757688410,4,Male,2014-12-31,Bông cải xào tỏi,70000,5,1,Khai vị,2024-04-29 11:37:56
0317874924,14,Female,1992-08-03,Đậu hũ kho nấm rơm,45000,2,4,Món kho,2023-10-05 05:46:19
0748857472,15,Male,1993-04-27,Chân nấm kho gừng,57000,5,4,Món kho,2023-06-26 15:55:23
0802830585,26,Female,2011-01-11,Xà lách trộn,45000,4,7,Món trộn,2023-01-31 07:39:06
0509868840,17,Female,2008-02-13,Sườn non chay rim chua ngọt,110000,1,4,Món kho,2024-04-21 15:29:56
0525595296,11,Male,2012-04-25,Vịt chay xào,85000,4,3,Món xào,2024-05-22 20:26:05
0656214837,11,Male,1986-04-18,Vịt chay xào,85000,3,3,Món xào,2023-06-10 06:16:17
0171439591,25,Female,1994-04-15,Gỏi chôm chôm chua ngọt,82000,3,7,Món trộn,2024-01-30 17:02:24
0378207522,24,Male,1976-10-17,Gỏi xoài khô mặn,57000,2,7,Món trộn,2023-08-21 02:26:55
0171439591,8,Female,1980-02-05,Bánh ướt,50000,5,2,Món ngũ cốc,2023-06-21 15:10:34
0160810307,5,Male,1982-02-09,Khoai tây chiên bơ,45000,4,1,Khai vị,2024-03-28 19:25:34
0312829411,31,Male,2008-05-03,Dừa tươi,35000,1,9,Nước trái cây,2024-02-21 15:20:39
0611564855,31,Male,2015-04-15,Dừa tươi,35000,1,9,Nước trái cây,2023-02-19 17:21:09
0604426601,29,Female,1979-01-18,Rau thêm,10000,5,8,Món thêm,2023-01-13 19:35:11
0250860901,40,Male,2010-08-13,Trà vải cam sả,40000,2,12,Trà,2023-09-03 09:23:07
0757134506,25,Female,1984-08-25,Gỏi chôm chôm chua ngọt,82000,4,7,Món trộn,2023-08-28 21:58:41
0601967909,11,Male,1978-01-06,Vịt chay xào,85000,1,3,Món xào,2023-02-24 12:43:36
0164718485,17,Male,1978-11-22,Sườn non chay rim chua ngọt,110000,4,4,Món kho,2023-03-31 18:34:28
0726539476,24,Male,1998-10-11,Gỏi xoài khô mặn,57000,1,7,Món trộn,2023-11-06 17:25:56
0252048003,36,Male,2007-12-14,Sữa chua trái cây,35000,5,11,Sữa,2024-06-11 09:46:11
0123295082,16,Female,1995-11-02,Chả lụa kho tiêu,92000,1,4,Món kho,2023-07-10 13:43:10
0611564855,10,Female,1997-08-03,Ngó sen xào nấm,55000,4,3,Món xào,2023-10-29 22:35:24
0164718485,33,Male,1981-06-02,Coca,15000,1,10,Nước ngọt,2023-08-15 16:42:00
0441620405,29,Male,1987-02-22,Rau thêm,10000,3,8,Món thêm,2023-06-06 16:32:20
0171439591,3,Female,2008-03-22,Đậu hũ chiên giòn,30000,1,1,Khai vị,2023-12-13 04:55:40
0668502954,17,Male,1986-10-18,Sườn non chay rim chua ngọt,110000,2,4,Món kho,2024-01-30 19:58:53
0900533702,32,Female,2004-06-13,Nha đam hạt chia,45000,4,9,Nước trái cây,2023-09-08 15:26:27
0482829876,34,Female,1991-04-04,7up,15000,4,10,Nước ngọt,2024-04-10 16:15:02
0790499048,21,Male,2012-02-29,Canh khổ qua,52000,3,5,Món canh,2023-02-12 00:25:53
0525595296,15,Female,1990-06-19,Chân nấm kho gừng,57000,1,4,Món kho,2024-03-17 03:21:57
0181804571,17,Male,2008-09-13,Sườn non chay rim chua ngọt,110000,5,4,Món kho,2024-04-14 06:11:24
0438327238,16,Female,1974-06-12,Chả lụa kho tiêu,92000,4,4,Món kho,2024-06-19 16:12:06
0808079071,29,Female,1995-02-09,Rau thêm,10000,4,8,Món thêm,2023-09-27 17:10:06
0757688410,29,Male,2009-10-13,Rau thêm,10000,3,8,Món thêm,2024-01-31 02:18:05
0863687114,13,Female,1970-06-08,Rong biển xào xả,53000,2,3,Món xào,2023-03-19 03:49:46
0611564855,4,Male,1990-09-27,Bông cải xào tỏi,70000,3,1,Khai vị,2023-07-17 18:30:55
0757134506,38,Female,2006-04-09,Trà trái cây nhiệt đới,43000,3,12,Trà,2023-12-08 16:47:01
0394807538,5,Male,1981-05-11,Khoai tây chiên bơ,45000,1,1,Khai vị,2023-05-20 05:59:52
0937724423,12,Female,1981-04-20,Nấm xào chay,70000,1,3,Món xào,2023-07-16 07:44:08
0624053847,34,Female,1981-07-18,7up,15000,3,10,Nước ngọt,2023-10-27 00:59:06
0817793216,13,Female,2002-09-02,Rong biển xào xả,53000,4,3,Món xào,2023-10-11 04:09:25
0883842603,9,Female,1991-03-18,Mì xào thập cẩm,47000,2,2,Món ngũ cốc,2023-07-14 13:05:19
0784122396,31,Female,2005-01-28,Dừa tươi,35000,3,9,Nước trái cây,2023-12-21 20:41:10
0299428599,5,Female,2005-01-31,Khoai tây chiên bơ,45000,4,1,Khai vị,2024-01-16 15:23:17
0669466674,30,Male,1983-01-02,Cam cà rốt,40000,5,9,Nước trái cây,2023-01-03 13:28:52
0684564482,28,Male,1981-10-25,Bún thêm,10000,2,8,Món thêm,2023-08-04 14:59:44
0436986976,18,Female,1986-10-06,Tôm kho tàu,120000,4,4,Món kho,2024-04-07 22:46:07
0438331021,14,Female,1986-04-17,Đậu hũ kho nấm rơm,45000,2,4,Món kho,2024-02-25 22:47:40
0171439591,13,Male,2008-02-26,Rong biển xào xả,53000,4,3,Món xào,2024-04-14 21:29:51
0883842603,32,Male,2005-10-31,Nha đam hạt chia,45000,2,9,Nước trái cây,2024-05-18 00:15:05
0250860901,17,Female,1992-10-22,Sườn non chay rim chua ngọt,110000,5,4,Món kho,2024-01-15 14:06:10
0394807538,32,Female,1994-03-23,Nha đam hạt chia,45000,4,9,Nước trái cây,2024-03-29 17:11:01
0820967344,8,Female,1989-11-04,Bánh ướt,50000,5,2,Món ngũ cốc,2023-05-20 08:03:32
0891456670,1,Male,1980-07-26,Gỏi cuốn sốt đậu phộng,90000,3,1,Khai vị,2023-05-02 05:40:53
0438331021,29,Female,2014-09-22,Rau thêm,10000,4,8,Món thêm,2023-07-11 01:48:49
0944600799,27,Male,1993-12-26,Cơm thêm,10000,3,8,Món thêm,2024-06-28 13:13:19
0227996437,31,Male,2011-01-08,Dừa tươi,35000,4,9,Nước trái cây,2024-02-10 05:13:25
0624053847,30,Female,1973-01-18,Cam cà rốt,40000,3,9,Nước trái cây,2023-04-10 23:09:49
0955845294,13,Male,1997-10-26,Rong biển xào xả,53000,5,3,Món xào,2023-02-17 00:28:27
0955845294,5,Male,1975-01-26,Khoai tây chiên bơ,45000,1,1,Khai vị,2023-10-16 08:16:10
0350101474,5,Female,2011-06-12,Khoai tây chiên bơ,45000,5,1,Khai vị,2023-08-29 18:25:59
0790499048,14,Female,1970-11-01,Đậu hũ kho nấm rơm,45000,2,4,Món kho,2024-04-23 20:19:55
0258483422,9,Female,2009-02-23,Mì xào thập cẩm,47000,5,2,Món ngũ cốc,2023-10-12 00:03:05
0784122396,23,Female,2008-11-18,Lẩu nhiệt đới,180000,5,6,Lẩu,2024-05-13 01:10:03
0188247504,19,Male,2009-04-08,Canh bông hẹ đậu hũ,37000,3,5,Món canh,2024-04-14 17:16:20
0160810307,23,Male,1986-01-30,Lẩu nhiệt đới,180000,2,6,Lẩu,2024-04-06 19:45:20
0482829876,26,Male,1984-04-04,Xà lách trộn,45000,3,7,Món trộn,2023-07-23 17:06:25
0680796250,38,Male,1970-10-01,Trà trái cây nhiệt đới,43000,3,12,Trà,2023-09-15 07:41:13
0802830585,17,Male,2000-06-14,Sườn non chay rim chua ngọt,110000,4,4,Món kho,2023-02-08 12:15:14
0784122396,27,Female,1977-03-30,Cơm thêm,10000,1,8,Món thêm,2023-02-14 14:44:13
0438370458,7,Male,1970-09-19,Bún chả giò,65000,4,2,Món ngũ cốc,2024-04-27 23:48:38
0733524171,1,Male,2009-04-11,Gỏi cuốn sốt đậu phộng,90000,3,1,Khai vị,2024-05-24 13:25:20
0733524171,39,Male,1978-12-06,Trà chanh thái đỏ,39000,4,12,Trà,2023-03-10 12:34:19
0160810307,5,Male,2003-02-27,Khoai tây chiên bơ,45000,5,1,Khai vị,2023-08-03 17:18:00
0757134506,11,Male,1974-07-13,Vịt chay xào,85000,2,3,Món xào,2024-05-25 02:59:59
0315397843,5,Female,1990-05-15,Khoai tây chiên bơ,45000,4,1,Khai vị,2024-07-10 11:11:25
0817793216,9,Male,2002-05-23,Mì xào thập cẩm,47000,5,2,Món ngũ cốc,2023-01-12 20:36:39
0378207522,40,Female,2010-07-20,Trà vải cam sả,40000,2,12,Trà,2023-02-02 20:34:33
0299428599,34,Female,1997-03-03,7up,15000,3,10,Nước ngọt,2023-11-26 15:34:37
0809853133,14,Male,2010-04-22,Đậu hũ kho nấm rơm,45000,3,4,Món kho,2023-12-11 18:06:22
0171439591,22,Male,1986-11-12,Lẩu nấm thập cẩm,157000,2,6,Lẩu,2023-02-01 01:06:47
0802830585,24,Female,1977-10-12,Gỏi xoài khô mặn,57000,3,7,Món trộn,2023-09-27 13:05:17
0726539476,8,Male,2014-07-19,Bánh ướt,50000,2,2,Món ngũ cốc,2023-12-28 10:49:09
0726539476,27,Male,1995-02-05,Cơm thêm,10000,5,8,Món thêm,2023-09-11 22:27:28
0668502954,18,Male,1970-08-31,Tôm kho tàu,120000,2,4,Món kho,2023-11-06 05:28:55
0784122396,8,Female,1970-08-12,Bánh ướt,50000,4,2,Món ngũ cốc,2024-05-09 02:24:49
0726539476,20,Male,1983-06-06,Canh cải chua tứ xuyên,46000,5,5,Món canh,2024-01-12 14:49:44
0288164159,39,Male,1981-05-02,Trà chanh thái đỏ,39000,3,12,Trà,2023-08-17 13:31:33
0155591228,38,Female,1970-03-24,Trà trái cây nhiệt đới,43000,3,12,Trà,2024-02-10 14:56:54
0668502954,32,Female,1993-01-11,Nha đam hạt chia,45000,1,9,Nước trái cây,2024-07-03 18:15:30
0171439591,29,Male,1988-12-22,Rau thêm,10000,2,8,Món thêm,2024-04-23 20:56:21
0215341668,28,Male,2003-03-09,Bún thêm,10000,3,8,Món thêm,2023-09-16 22:12:08
0476981072,20,Male,1975-11-28,Canh cải chua tứ xuyên,46000,2,5,Món canh,2023-08-27 11:30:07
0111228038,12,Female,1993-07-29,Nấm xào chay,70000,5,3,Món xào,2024-07-04 18:37:22
0215341668,2,Female,1986-07-20,Chả giò,80000,5,1,Khai vị,2024-05-02 08:06:15
0213844818,22,Female,2009-05-23,Lẩu nấm thập cẩm,157000,5,6,Lẩu,2023-02-05 14:36:48
0611564855,35,Male,1996-12-20,Sting,15000,1,10,Nước ngọt,2024-03-16 21:00:54
0680796250,5,Female,2003-11-27,Khoai tây chiên bơ,45000,2,1,Khai vị,2023-10-20 16:28:10
0732630255,40,Male,2003-12-06,Trà vải cam sả,40000,3,12,Trà,2024-07-18 01:42:03
0748857472,28,Female,2004-05-28,Bún thêm,10000,5,8,Món thêm,2024-05-05 02:08:16
0716892682,4,Male,2009-07-22,Bông cải xào tỏi,70000,5,1,Khai vị,2023-06-11 18:09:45
0993886318,15,Male,1996-01-08,Chân nấm kho gừng,57000,4,4,Món kho,2023-02-04 06:19:32
0213844818,28,Female,1996-11-07,Bún thêm,10000,4,8,Món thêm,2023-05-19 14:02:00
0819852682,6,Male,1993-01-21,Cơm chiên thượng hải,75000,4,2,Món ngũ cốc,2023-11-07 13:32:58
0394807538,7,Female,2006-01-25,Bún chả giò,65000,3,2,Món ngũ cốc,2023-06-30 17:17:01
0315397843,19,Male,1983-02-26,Canh bông hẹ đậu hũ,37000,1,5,Món canh,2024-06-05 09:44:43
0123295082,27,Male,1990-07-14,Cơm thêm,10000,4,8,Món thêm,2023-02-08 03:56:02
0883842603,40,Female,1989-02-18,Trà vải cam sả,40000,3,12,Trà,2023-05-22 14:03:24
0633611656,1,Male,2015-10-14,Gỏi cuốn sốt đậu phộng,90000,4,1,Khai vị,2023-08-15 08:24:23
0356020596,36,Female,1990-03-08,Sữa chua trái cây,35000,3,11,Sữa,2024-03-18 14:20:18
0716892682,28,Male,1981-08-23,Bún thêm,10000,4,8,Món thêm,2023-03-30 11:13:36
0438370458,7,Female,1999-10-18,Bún chả giò,65000,5,2,Món ngũ cốc,2023-06-20 19:18:59
