[{
  "_id": {
    "$oid": "66b9d5cc890c47f1f77f2144"
  },
  "menu_detail": [
    {
      "_id": 2,
      "name": "Chả giò",
      "quantity": 3
    }
  ],
  "shipping_fee": 26500,
  "note": "1",
  "total": 218500,
  "payment_method": "Thanh toán khi nhận hàng",
  "delivery_information": {
    "name": "Test Socket",
    "phone_number": "111",
    "district": "Quận 1",
    "ward": "Phường Bến Nghé",
    "street": "1"
  },
  "cod_amount": 218500,
  "status": 5,
  "delivery_notes": "Giao hang thanh cong",
  "send_tms": true,
  "createdAt": {
    "$date": "2024-08-12T17:48:59.623Z"
  },
  "updatedAt": {
    "$date": "2024-08-12T20:42:21.992Z"
  },
  "__v": 0,
  "delivery_person": {
    "name": "Nguyễn Văn A",
    "phone": "0329232212"
  }
},
{
  "_id": {
    "$oid": "66bb215d0f79b4e1c06019ee"
  },
  "menu_detail": [
    {
      "_id": 4,
      "name": "Bông cải xào tỏi",
      "quantity": 3
    },
    {
      "_id": 19,
      "name": "Canh bông hẹ đậu hũ",
      "quantity": 2
    },
    {
      "_id": 32,
      "name": "Nha đam hạt chia",
      "quantity": 1
    }
  ],
  "shipping_fee": 26500,
  "note": "Giao nhanh giùm nha",
  "total": 289700,
  "payment_method": "Thanh toán khi nhận hàng",
  "delivery_information": {
    "name": "Lưu Đức Hải",
    "phone_number": "0123456789",
    "district": "Quận 1",
    "ward": "Phường Đa Kao",
    "street": "Nguyễn Siêu"
  },
  "cod_amount": 289700,
  "status": 4,
  "delivery_notes": "Giao hang thanh cong",
  "send_tms": true,
  "createdAt": {
    "$date": "2024-08-14T15:07:18.489Z"
  },
  "updatedAt": {
    "$date": "2024-08-20T19:33:29.263Z"
  },
  "__v": 0,
  "delivery_person": {
    "name": "Nguyễn Văn A",
    "phone": "0329232212"
  }
},
{
  "_id": {
    "$oid": "66b8de7ce5de99a078ecd671"
  },
  "menu_detail": [
    {
      "_id": 4,
      "name": "Bông cải xào tỏi",
      "quantity": 9
    },
    {
      "_id": 19,
      "name": "Canh bông hẹ đậu hũ",
      "quantity": 2
    },
    {
      "_id": 32,
      "name": "Nha đam hạt chia",
      "quantity": 1
    }
  ],
  "shipping_fee": 26500,
  "note": "Giao nhanh giùm nha",
  "total": 625700,
  "payment_method": "Thanh toán khi nhận hàng",
  "delivery_information": {
    "name": "Lưu Đức Hải",
    "phone_number": "0123456789",
    "district": "Quận 1",
    "ward": "Phường Đa Kao",
    "street": "Nguyễn Siêu"
  },
  "cod_amount": 625700,
  "status": 3,
  "delivery_notes": "",
  "send_tms": true,
  "createdAt": {
    "$date": "2024-08-14T16:02:45.797Z"
  },
  "updatedAt": {
    "$date": "2024-08-14T16:03:02.284Z"
  },
  "__v": 0
},
{
  "_id": {
    "$oid": "66bdc5d9d0d6bc5e25855e81"
  },
  "menu_detail": [
    {
      "_id": 39,
      "name": "Trà chanh thái đỏ",
      "quantity": 1
    }
  ],
  "shipping_fee": 26500,
  "note": "",
  "total": 59650,
  "payment_method": "Thanh toán khi nhận hàng",
  "delivery_information": {
    "name": "Test tms",
    "phone_number": "0123456789",
    "district": "Quận 1",
    "ward": "Phường Bến Nghé",
    "street": "Số 1"
  },
  "cod_amount": 59650,
  "status": 3,
  "delivery_notes": "",
  "send_tms": true,
  "createdAt": {
    "$date": "2024-08-15T09:10:11.336Z"
  },
  "updatedAt": {
    "$date": "2024-08-15T09:12:28.288Z"
  },
  "__v": 0
},
{
  "_id": {
    "$oid": "66bef333845a92aa90c66051"
  },
  "menu_detail": [
    {
      "_id": 1,
      "name": "Gỏi cuốn sốt đậu phộng",
      "quantity": 1
    }
  ],
  "shipping_fee": 22000,
  "note": "",
  "total": 130000,
  "payment_method": "Thanh toán khi nhận hàng",
  "delivery_information": {
    "name": "Tram",
    "phone_number": "0372976121",
    "district": "Quận 10",
    "ward": "Phường 02",
    "street": "Số 1"
  },
  "cod_amount": 130000,
  "status": 3,
  "delivery_notes": "",
  "send_tms": true,
  "createdAt": {
    "$date": "2024-08-16T06:36:45.549Z"
  },
  "updatedAt": {
    "$date": "2024-08-16T06:37:08.723Z"
  },
  "__v": 0
},
{
  "_id": {
    "$oid": "66bf82ecdeaafdeaf28c6b87"
  },
  "menu_detail": [
    {
      "_id": 36,
      "name": "Sữa chua trái cây",
      "quantity": 1
    }
  ],
  "shipping_fee": 22000,
  "note": "",
  "total": 51750,
  "payment_method": "Thanh toán khi nhận hàng",
  "delivery_information": {
    "name": "test đơn",
    "phone_number": "0123987654",
    "district": "Quận 10",
    "ward": "Phường 02",
    "street": "Số 1"
  },
  "cod_amount": 51750,
  "status": 3,
  "delivery_notes": "",
  "send_tms": true,
  "createdAt": {
    "$date": "2024-08-16T16:49:54.571Z"
  },
  "updatedAt": {
    "$date": "2024-08-16T16:50:07.327Z"
  },
  "__v": 0
},
{
  "_id": {
    "$oid": "66bf8299deaafdeaf28c6b6b"
  },
  "menu_detail": [
    {
      "_id": 1,
      "name": "Gỏi cuốn sốt đậu phộng",
      "quantity": 2
    }
  ],
  "shipping_fee": 22000,
  "note": "",
  "total": 247000,
  "payment_method": "Thanh toán khi nhận hàng",
  "delivery_information": {
    "name": "test",
    "phone_number": "0123456789",
    "district": "Quận 10",
    "ward": "Phường 02",
    "street": "So 1"
  },
  "cod_amount": 247000,
  "status": 3,
  "delivery_notes": "",
  "send_tms": true,
  "createdAt": {
    "$date": "2024-08-16T18:18:44.069Z"
  },
  "updatedAt": {
    "$date": "2024-08-16T18:18:52.379Z"
  },
  "__v": 0
},
{
  "_id": {
    "$oid": "66bf85c1deaafdeaf28c6baf"
  },
  "menu_detail": [
    {
      "_id": 2,
      "name": "Chả giò",
      "quantity": 2
    }
  ],
  "shipping_fee": 17500,
  "note": "",
  "total": 209500,
  "payment_method": "Đã chuyển khoản",
  "delivery_information": {
    "name": "thang",
    "phone_number": "0398766536",
    "district": "Quận 4",
    "ward": "Phường 09",
    "street": "dddd"
  },
  "cod_amount": 0,
  "status": 3,
  "delivery_notes": "",
  "send_tms": true,
  "createdAt": {
    "$date": "2024-08-16T18:21:36.169Z"
  },
  "updatedAt": {
    "$date": "2024-08-16T18:21:36.221Z"
  },
  "__v": 0
},
{
  "_id": {
    "$oid": "66bef328845a92aa90c66048"
  },
  "menu_detail": [
    {
      "_id": 1,
      "name": "Gỏi cuốn sốt đậu phộng",
      "quantity": 1
    }
  ],
  "shipping_fee": 22000,
  "note": "",
  "total": 130000,
  "payment_method": "Thanh toán khi nhận hàng",
  "delivery_information": {
    "name": "Tram",
    "phone_number": "0372976121",
    "district": "Quận 10",
    "ward": "Phường 02",
    "street": "Số 1"
  },
  "cod_amount": 130000,
  "status": 3,
  "delivery_notes": "",
  "send_tms": true,
  "createdAt": {
    "$date": "2024-08-16T18:23:22.080Z"
  },
  "updatedAt": {
    "$date": "2024-08-16T18:23:22.138Z"
  },
  "__v": 0
},
{
  "_id": {
    "$oid": "66bfa20edeaafdeaf28c6ca8"
  },
  "menu_detail": [
    {
      "_id": 34,
      "name": "7up",
      "quantity": 1
    }
  ],
  "shipping_fee": 26500,
  "note": "",
  "total": 45250,
  "payment_method": "Thanh toán khi nhận hàng",
  "delivery_information": {
    "name": "Test",
    "phone_number": "0123456789",
    "district": "Quận 1",
    "ward": "Phường Bến Nghé",
    "street": "Số 1"
  },
  "cod_amount": 45250,
  "status": 3,
  "delivery_notes": "",
  "send_tms": true,
  "createdAt": {
    "$date": "2024-08-16T19:02:38.523Z"
  },
  "updatedAt": {
    "$date": "2024-08-16T19:02:38.589Z"
  },
  "__v": 0
},
{
  "_id": {
    "$oid": "66b87e720fb9a2528f847077"
  },
  "menu_detail": [
    {
      "_id": 4,
      "name": "Bông cải xào tỏi",
      "quantity": 3
    },
    {
      "_id": 19,
      "name": "Canh bông hẹ đậu hũ",
      "quantity": 2
    },
    {
      "_id": 32,
      "name": "Nha đam hạt chia",
      "quantity": 1
    }
  ],
  "shipping_fee": 26500,
  "note": "Giao nhanh giùm nha",
  "total": 289700,
  "payment_method": "Thanh toán khi nhận hàng",
  "delivery_information": {
    "name": "Lưu Đức Hải",
    "phone_number": "0123456789",
    "district": "Quận 1",
    "ward": "Phường Đa Kao",
    "street": "Nguyễn Siêu"
  },
  "cod_amount": 289700,
  "status": 3,
  "delivery_notes": "",
  "send_tms": true,
  "createdAt": {
    "$date": "2024-08-18T13:28:35.032Z"
  },
  "updatedAt": {
    "$date": "2024-08-18T13:28:50.023Z"
  },
  "__v": 0
},
{
  "_id": {
    "$oid": "66b888b98d7374eaf15619c2"
  },
  "menu_detail": [
    {
      "_id": 4,
      "name": "Bông cải xào tỏi",
      "quantity": 100
    },
    {
      "_id": 19,
      "name": "Canh bông hẹ đậu hũ",
      "quantity": 2
    },
    {
      "_id": 32,
      "name": "Nha đam hạt chia",
      "quantity": 1
    }
  ],
  "shipping_fee": 26500,
  "note": "Giao nhanh giùm nha",
  "total": 5721700,
  "payment_method": "Thanh toán khi nhận hàng",
  "delivery_information": {
    "name": "Lưu Đức Hải",
    "phone_number": "0123456789",
    "district": "Quận 1",
    "ward": "Phường Đa Kao",
    "street": "Nguyễn Siêu"
  },
  "cod_amount": 5721700,
  "status": 3,
  "delivery_notes": "",
  "send_tms": true,
  "createdAt": {
    "$date": "2024-08-18T13:32:52.510Z"
  },
  "updatedAt": {
    "$date": "2024-08-18T13:32:56.142Z"
  },
  "__v": 0
},
{
  "_id": {
    "$oid": "66c30d6b0fbcdc17e823a960"
  },
  "menu_detail": [
    {
      "_id": 1,
      "name": "Gỏi cuốn sốt đậu phộng",
      "quantity": 3
    }
  ],
  "shipping_fee": 27000,
  "note": "",
  "total": 351000,
  "payment_method": "Thanh toán khi nhận hàng",
  "delivery_information": {
    "name": "Ngan Tram",
    "phone_number": "0123456789",
    "district": "Quận 10",
    "ward": "Phường 01",
    "street": "Số 1"
  },
  "cod_amount": 351000,
  "status": 3,
  "delivery_notes": "",
  "send_tms": true,
  "createdAt": {
    "$date": "2024-08-19T09:45:19.238Z"
  },
  "updatedAt": {
    "$date": "2024-08-19T09:45:19.315Z"
  },
  "__v": 0
},
{
  "_id": {
    "$oid": "66c20bf12cd202182caed3d0"
  },
  "menu_detail": [
    {
      "_id": 2,
      "name": "Chả giò",
      "quantity": 1
    }
  ],
  "shipping_fee": 30000,
  "note": "",
  "total": 94000,
  "payment_method": "Đã chuyển khoản",
  "delivery_information": {
    "name": "tthh",
    "phone_number": "0392762346",
    "district": "Quận 3",
    "ward": "Phường 10",
    "street": "wwrwerwe"
  },
  "cod_amount": 0,
  "status": 3,
  "delivery_notes": "",
  "send_tms": true,
  "createdAt": {
    "$date": "2024-08-30T10:57:50.195Z"
  },
  "updatedAt": {
    "$date": "2024-08-30T10:57:50.315Z"
  },
  "__v": 0
},
{
  "_id": {
    "$oid": "66c6f81db3399608ed63e483"
  },
  "menu_detail": [
    {
      "_id": 1,
      "name": "Gỏi cuốn sốt đậu phộng",
      "quantity": 2
    }
  ],
  "shipping_fee": 22000,
  "note": "",
  "total": 166000,
  "payment_method": "Thanh toán khi nhận hàng",
  "delivery_information": {
    "name": "Tram",
    "phone_number": "0123456789",
    "district": "Quận 10",
    "ward": "Phường 02",
    "street": "Số 1"
  },
  "cod_amount": 166000,
  "status": 3,
  "delivery_notes": "",
  "send_tms": true,
  "createdAt": {
    "$date": "2024-08-30T11:00:00.171Z"
  },
  "updatedAt": {
    "$date": "2024-08-30T11:00:00.220Z"
  },
  "__v": 0
},
{
  "_id": {
    "$oid": "66cc77dfea739689e34db1ff"
  },
  "menu_detail": [
    {
      "_id": 19,
      "name": "Canh bông hẹ đậu hũ",
      "quantity": 1
    }
  ],
  "shipping_fee": 26500,
  "note": "",
  "total": 56100,
  "payment_method": "Đã chuyển khoản",
  "delivery_information": {
    "name": "Hoàng",
    "phone_number": "0383237589",
    "district": "Quận 1",
    "ward": "Phường Bến Nghé",
    "street": ", Phường Bến Nghé, Quận 1, Thành phố Hồ Chí Minh"
  },
  "cod_amount": 0,
  "status": 3,
  "delivery_notes": "",
  "send_tms": true,
  "createdAt": {
    "$date": "2024-09-01T10:39:34.979Z"
  },
  "updatedAt": {
    "$date": "2024-09-01T10:40:00.695Z"
  },
  "__v": 0
},
{
  "_id": {
    "$oid": "66cc7946ea739689e34db224"
  },
  "menu_detail": [
    {
      "_id": 19,
      "name": "Canh bông hẹ đậu hũ",
      "quantity": 1
    }
  ],
  "shipping_fee": 27000,
  "note": "",
  "total": 56600,
  "payment_method": "Đã chuyển khoản",
  "delivery_information": {
    "name": "Hoàng",
    "phone_number": "0383237589",
    "district": "Quận 10",
    "ward": "Phường 01",
    "street": ", Phường 01, Quận 10, Thành phố Hồ Chí Minh"
  },
  "cod_amount": 0,
  "status": 3,
  "delivery_notes": "",
  "send_tms": true,
  "createdAt": {
    "$date": "2024-09-05T16:24:45.224Z"
  },
  "updatedAt": {
    "$date": "2024-09-05T16:24:45.326Z"
  },
  "__v": 0
},
{
  "_id": {
    "$oid": "66cc77dee639605109b84946"
  },
  "menu_detail": [
    {
      "_id": 19,
      "name": "Canh bông hẹ đậu hũ",
      "quantity": 1
    }
  ],
  "shipping_fee": 26500,
  "note": "",
  "total": 56100,
  "payment_method": "Đã chuyển khoản",
  "delivery_information": {
    "name": "Hoàng",
    "phone_number": "0383237589",
    "district": "Quận 1",
    "ward": "Phường Bến Nghé",
    "street": ", Phường Bến Nghé, Quận 1, Thành phố Hồ Chí Minh"
  },
  "cod_amount": 0,
  "status": 3,
  "delivery_notes": "",
  "send_tms": true,
  "createdAt": {
    "$date": "2024-09-05T16:37:46.881Z"
  },
  "updatedAt": {
    "$date": "2024-09-05T16:37:46.950Z"
  },
  "__v": 0
},
{
  "_id": {
    "$oid": "66ca493532d5b7b3cefeae99"
  },
  "menu_detail": [
    {
      "_id": 2,
      "name": "Chả giò",
      "quantity": 1
    }
  ],
  "shipping_fee": 26500,
  "note": "",
  "total": 94900,
  "payment_method": "Đã chuyển khoản",
  "delivery_information": {
    "name": "Tran",
    "phone_number": "0372976121",
    "district": "Quận 1",
    "ward": "Phường Bến Nghé",
    "street": "Số 1"
  },
  "cod_amount": 0,
  "status": 3,
  "delivery_notes": "",
  "send_tms": true,
  "createdAt": {
    "$date": "2024-09-05T16:38:00.458Z"
  },
  "updatedAt": {
    "$date": "2024-09-05T16:38:00.526Z"
  },
  "__v": 0
},
{
  "_id": {
    "$oid": "66cc77f3e639605109b8494a"
  },
  "menu_detail": [
    {
      "_id": 19,
      "name": "Canh bông hẹ đậu hũ",
      "quantity": 1
    }
  ],
  "shipping_fee": 26500,
  "note": "",
  "total": 56100,
  "payment_method": "Thanh toán khi nhận hàng",
  "delivery_information": {
    "name": "Hoàng",
    "phone_number": "0383237589",
    "district": "Quận 1",
    "ward": "Phường Bến Nghé",
    "street": ", Phường Bến Nghé, Quận 1, Thành phố Hồ Chí Minh"
  },
  "cod_amount": 56100,
  "status": 3,
  "delivery_notes": "",
  "send_tms": true,
  "createdAt": {
    "$date": "2024-09-05T16:38:21.460Z"
  },
  "updatedAt": {
    "$date": "2024-09-05T16:38:21.524Z"
  },
  "__v": 0
},
{
  "_id": {
    "$oid": "66cc799ee639605109b84956"
  },
  "menu_detail": [
    {
      "_id": 19,
      "name": "Canh bông hẹ đậu hũ",
      "quantity": 1
    }
  ],
  "shipping_fee": 27000,
  "note": "",
  "total": 56600,
  "payment_method": "Đã chuyển khoản",
  "delivery_information": {
    "name": "Hoàng",
    "phone_number": "0383237589",
    "district": "Quận 10",
    "ward": "Phường 01",
    "street": ", Phường 01, Quận 10, Thành phố Hồ Chí Minh"
  },
  "cod_amount": 0,
  "status": 3,
  "delivery_notes": "",
  "send_tms": true,
  "createdAt": {
    "$date": "2024-09-05T16:39:12.552Z"
  },
  "updatedAt": {
    "$date": "2024-09-05T16:39:12.674Z"
  },
  "__v": 0
},
{
  "_id": {
    "$oid": "66ca3b758d313b16587426d9"
  },
  "menu_detail": [
    {
      "_id": 6,
      "name": "Cơm chiên thượng hải",
      "quantity": 2
    }
  ],
  "shipping_fee": 26500,
  "note": "",
  "total": 146500,
  "payment_method": "Thanh toán khi nhận hàng",
  "delivery_information": {
    "name": "Tram",
    "phone_number": "0123456789",
    "district": "Quận 1",
    "ward": "Phường Bến Nghé",
    "street": "Số 1"
  },
  "cod_amount": 146500,
  "status": 3,
  "delivery_notes": "",
  "send_tms": true,
  "createdAt": {
    "$date": "2024-09-05T16:45:16.430Z"
  },
  "updatedAt": {
    "$date": "2024-09-05T16:45:16.499Z"
  },
  "__v": 0
},
{
  "_id": {
    "$oid": "66ca3b658d313b16587426d0"
  },
  "menu_detail": [
    {
      "_id": 1,
      "name": "Gỏi cuốn sốt đậu phộng",
      "quantity": 1
    }
  ],
  "shipping_fee": 26500,
  "note": "",
  "total": 84100,
  "payment_method": "Thanh toán khi nhận hàng",
  "delivery_information": {
    "name": "Tram",
    "phone_number": "0123456789",
    "district": "Quận 1",
    "ward": "Phường Bến Nghé",
    "street": "Số 1"
  },
  "cod_amount": 84100,
  "status": 3,
  "delivery_notes": "",
  "send_tms": true,
  "createdAt": {
    "$date": "2024-09-05T16:45:28.623Z"
  },
  "updatedAt": {
    "$date": "2024-09-05T16:45:28.691Z"
  },
  "__v": 0
},
{
  "_id": {
    "$oid": "66ca3197afde15c46ea67659"
  },
  "menu_detail": [
    {
      "_id": 2,
      "name": "Chả giò",
      "quantity": 1
    }
  ],
  "shipping_fee": 26500,
  "note": "",
  "total": 90500,
  "payment_method": "Đã chuyển khoản",
  "delivery_information": {
    "name": "Hoàng",
    "phone_number": "0383237589",
    "district": "Quận 1",
    "ward": "Phường Bến Nghé",
    "street": ", Phường Bến Nghé, Quận 1, Thành phố Hồ Chí Minh"
  },
  "cod_amount": 0,
  "status": 3,
  "delivery_notes": "",
  "send_tms": true,
  "createdAt": {
    "$date": "2024-09-05T16:46:00.281Z"
  },
  "updatedAt": {
    "$date": "2024-09-05T16:46:00.340Z"
  },
  "__v": 0
},
{
  "_id": {
    "$oid": "66ca32fdafde15c46ea6765d"
  },
  "menu_detail": [
    {
      "_id": 2,
      "name": "Chả giò",
      "quantity": 1
    }
  ],
  "shipping_fee": 22000,
  "note": "",
  "total": 86000,
  "payment_method": "Đã chuyển khoản",
  "delivery_information": {
    "name": "Duy",
    "phone_number": "0312312321",
    "district": "Quận 10",
    "ward": "Phường 02",
    "street": ", Phường 02, Quận 10, Thành phố Hồ Chí Minh"
  },
  "cod_amount": 0,
  "status": 3,
  "delivery_notes": "",
  "send_tms": true,
  "createdAt": {
    "$date": "2024-09-05T16:47:20.064Z"
  },
  "updatedAt": {
    "$date": "2024-09-05T16:47:21.987Z"
  },
  "__v": 0
},
{
  "_id": {
    "$oid": "66ca365aafde15c46ea67665"
  },
  "menu_detail": [
    {
      "_id": 2,
      "name": "Chả giò",
      "quantity": 1
    }
  ],
  "shipping_fee": 26500,
  "note": "",
  "total": 90500,
  "payment_method": "Đã chuyển khoản",
  "delivery_information": {
    "name": "Hoàn",
    "phone_number": "0383237589",
    "district": "Quận 1",
    "ward": "Phường Bến Nghé",
    "street": ", Phường Bến Nghé, Quận 1, Thành phố Hồ Chí Minh"
  },
  "cod_amount": 0,
  "status": 3,
  "delivery_notes": "",
  "send_tms": true,
  "createdAt": {
    "$date": "2024-09-05T16:47:37.099Z"
  },
  "updatedAt": {
    "$date": "2024-09-05T16:47:39.713Z"
  },
  "__v": 0
},
{
  "_id": {
    "$oid": "66ca394dafde15c46ea67679"
  },
  "menu_detail": [
    {
      "_id": 2,
      "name": "Chả giò",
      "quantity": 1
    },
    {
      "_id": 1,
      "name": "Gỏi cuốn sốt đậu phộng",
      "quantity": 1
    }
  ],
  "shipping_fee": 26500,
  "note": "",
  "total": 162500,
  "payment_method": "Đã chuyển khoản",
  "delivery_information": {
    "name": "Trần Anh Duy",
    "phone_number": "0379107177",
    "district": "Quận 1",
    "ward": "Phường Bến Nghé",
    "street": ", Phường Bến Nghé, Quận 1, Thành phố Hồ Chí Minh"
  },
  "cod_amount": 0,
  "status": 3,
  "delivery_notes": "",
  "send_tms": true,
  "createdAt": {
    "$date": "2024-09-05T16:48:31.904Z"
  },
  "updatedAt": {
    "$date": "2024-09-05T16:48:36.241Z"
  },
  "__v": 0
},
{
  "_id": {
    "$oid": "66ca38dcafde15c46ea6766e"
  },
  "menu_detail": [
    {
      "_id": 2,
      "name": "Chả giò",
      "quantity": 1
    }
  ],
  "shipping_fee": 26500,
  "note": "",
  "total": 90500,
  "payment_method": "Thanh toán khi nhận hàng",
  "delivery_information": {
    "name": "Duy",
    "phone_number": "0383237589",
    "district": "Quận 1",
    "ward": "Phường Bến Nghé",
    "street": ", Phường Bến Nghé, Quận 1, Thành phố Hồ Chí Minh"
  },
  "cod_amount": 90500,
  "status": 3,
  "delivery_notes": "",
  "send_tms": true,
  "createdAt": {
    "$date": "2024-09-05T16:50:38.406Z"
  },
  "updatedAt": {
    "$date": "2024-09-05T16:50:38.479Z"
  },
  "__v": 0
},
{
  "_id": {
    "$oid": "66ca31413f20b8ed771e72da"
  },
  "menu_detail": [
    {
      "_id": 2,
      "name": "Chả giò",
      "quantity": 1
    }
  ],
  "shipping_fee": 26500,
  "note": "",
  "total": 90500,
  "payment_method": "Đã chuyển khoản",
  "delivery_information": {
    "name": "Hoàng",
    "phone_number": "0379107177",
    "district": "Quận 1",
    "ward": "Phường Bến Nghé",
    "street": ", Phường Bến Nghé, Quận 1, Thành phố Hồ Chí Minh"
  },
  "cod_amount": 0,
  "status": 3,
  "delivery_notes": "",
  "send_tms": true,
  "createdAt": {
    "$date": "2024-09-05T16:51:05.782Z"
  },
  "updatedAt": {
    "$date": "2024-09-05T16:51:08.087Z"
  },
  "__v": 0
},
{
  "_id": {
    "$oid": "66ca37123f20b8ed771e72ee"
  },
  "menu_detail": [
    {
      "_id": 2,
      "name": "Chả giò",
      "quantity": 1
    }
  ],
  "shipping_fee": 26500,
  "note": "",
  "total": 90500,
  "payment_method": "Thanh toán khi nhận hàng",
  "delivery_information": {
    "name": "Duy",
    "phone_number": "0383237589",
    "district": "Quận 1",
    "ward": "Phường Bến Nghé",
    "street": ", Phường Bến Nghé, Quận 1, Thành phố Hồ Chí Minh"
  },
  "cod_amount": 90500,
  "status": 3,
  "delivery_notes": "",
  "send_tms": true,
  "createdAt": {
    "$date": "2024-09-05T16:51:52.244Z"
  },
  "updatedAt": {
    "$date": "2024-09-05T16:51:56.724Z"
  },
  "__v": 0
},
{
  "_id": {
    "$oid": "66ca38323f20b8ed771e72f8"
  },
  "menu_detail": [
    {
      "_id": 4,
      "name": "Bông cải xào tỏi",
      "quantity": 1
    }
  ],
  "shipping_fee": 23000,
  "note": "",
  "total": 79000,
  "payment_method": "Thanh toán khi nhận hàng",
  "delivery_information": {
    "name": "Trần Anh Duy",
    "phone_number": "0383237589",
    "district": "Quận 1",
    "ward": "Phường Bến Thành",
    "street": ", Phường Bến Thành, Quận 1, Thành phố Hồ Chí Minh"
  },
  "cod_amount": 79000,
  "status": 3,
  "delivery_notes": "",
  "send_tms": true,
  "createdAt": {
    "$date": "2024-09-05T16:53:33.188Z"
  },
  "updatedAt": {
    "$date": "2024-09-05T16:53:33.247Z"
  },
  "__v": 0
},
{
  "_id": {
    "$oid": "66ca30923f20b8ed771e72d6"
  },
  "menu_detail": [
    {
      "_id": 2,
      "name": "Chả giò",
      "quantity": 1
    }
  ],
  "shipping_fee": 27000,
  "note": "",
  "total": 91000,
  "payment_method": "Đã chuyển khoản",
  "delivery_information": {
    "name": "sss",
    "phone_number": "0312321421",
    "district": "Quận 10",
    "ward": "Phường 01",
    "street": ", Phường 01, Quận 10, Thành phố Hồ Chí Minh"
  },
  "cod_amount": 0,
  "status": 3,
  "delivery_notes": "",
  "send_tms": true,
  "createdAt": {
    "$date": "2024-09-05T17:14:27.220Z"
  },
  "updatedAt": {
    "$date": "2024-09-05T17:14:27.282Z"
  },
  "__v": 0
},
{
  "_id": {
    "$oid": "66ca36713f20b8ed771e72e9"
  },
  "menu_detail": [
    {
      "_id": 2,
      "name": "Chả giò",
      "quantity": 1
    }
  ],
  "shipping_fee": 26500,
  "note": "",
  "total": 90500,
  "payment_method": "Đã chuyển khoản",
  "delivery_information": {
    "name": "Hoàn",
    "phone_number": "0383237589",
    "district": "Quận 1",
    "ward": "Phường Bến Nghé",
    "street": ", Phường Bến Nghé, Quận 1, Thành phố Hồ Chí Minh"
  },
  "cod_amount": 0,
  "status": 3,
  "delivery_notes": "",
  "send_tms": true,
  "createdAt": {
    "$date": "2024-09-10T16:31:42.040Z"
  },
  "updatedAt": {
    "$date": "2024-09-10T16:31:42.183Z"
  },
  "__v": 0
},
{
  "_id": {
    "$oid": "66c766f938d7d9d923b7f50f"
  },
  "menu_detail": [
    {
      "_id": 2,
      "name": "Chả giò",
      "quantity": 1
    },
    {
      "_id": 3,
      "name": "Đậu hũ chiên giòn",
      "quantity": 1
    },
    {
      "_id": 5,
      "name": "Khoai tây chiên bơ",
      "quantity": 1
    },
    {
      "_id": 1,
      "name": "Gỏi cuốn sốt đậu phộng",
      "quantity": 3
    }
  ],
  "shipping_fee": 26500,
  "note": "",
  "total": 366500,
  "payment_method": "Thanh toán khi nhận hàng",
  "delivery_information": {
    "name": "2323",
    "phone_number": "0831284832",
    "district": "Quận 1",
    "ward": "Phường Bến Nghé",
    "street": "e32312"
  },
  "cod_amount": 366500,
  "status": 3,
  "delivery_notes": "",
  "send_tms": true,
  "createdAt": {
    "$date": "2024-09-10T16:31:53.401Z"
  },
  "updatedAt": {
    "$date": "2024-09-10T16:31:55.745Z"
  },
  "__v": 0
},
{
  "_id": {
    "$oid": "66c6f7cfb3399608ed63e47a"
  },
  "menu_detail": [
    {
      "_id": 1,
      "name": "Gỏi cuốn sốt đậu phộng",
      "quantity": 2
    }
  ],
  "shipping_fee": 22000,
  "note": "",
  "total": 166000,
  "payment_method": "Thanh toán khi nhận hàng",
  "delivery_information": {
    "name": "Tram",
    "phone_number": "0123456789",
    "district": "Quận 10",
    "ward": "Phường 02",
    "street": "Số 1"
  },
  "cod_amount": 166000,
  "status": 3,
  "delivery_notes": "",
  "send_tms": true,
  "createdAt": {
    "$date": "2024-09-10T16:32:34.802Z"
  },
  "updatedAt": {
    "$date": "2024-09-10T16:32:38.488Z"
  },
  "__v": 0
},
{
  "_id": {
    "$oid": "66e2c0343f6b0c33b82bf9b0"
  },
  "menu_detail": [
    {
      "_id": 1,
      "name": "Gỏi cuốn sốt đậu phộng",
      "quantity": 1
    },
    {
      "_id": 39,
      "name": "Trà chanh thái đỏ",
      "quantity": 1
    }
  ],
  "shipping_fee": 22000,
  "note": "",
  "total": 157450,
  "payment_method": "Thanh toán khi nhận hàng",
  "delivery_information": {
    "name": "Tram",
    "phone_number": "0372976121",
    "district": "Quận 10",
    "ward": "Phường 02",
    "street": "Số 1"
  },
  "cod_amount": 157450,
  "status": 3,
  "delivery_notes": "",
  "send_tms": true,
  "createdAt": {
    "$date": "2024-09-12T10:20:52.072Z"
  },
  "updatedAt": {
    "$date": "2024-09-12T10:20:52.172Z"
  },
  "__v": 0
},
{
  "_id": {
    "$oid": "66e2c38d3f6b0c33b82bfa20"
  },
  "menu_detail": [
    {
      "_id": 28,
      "name": "Bún thêm",
      "quantity": 1
    },
    {
      "_id": 27,
      "name": "Cơm thêm",
      "quantity": 1
    },
    {
      "_id": 34,
      "name": "7up",
      "quantity": 1
    },
    {
      "_id": 8,
      "name": "Bánh ướt",
      "quantity": 1
    }
  ],
  "shipping_fee": 26500,
  "note": "",
  "total": 111500,
  "payment_method": "Đã chuyển khoản",
  "delivery_information": {
    "name": "Tram",
    "phone_number": "0372976121",
    "district": "Quận 1",
    "ward": "Phường Bến Nghé",
    "street": "Số 1"
  },
  "cod_amount": 0,
  "status": 3,
  "delivery_notes": "",
  "send_tms": true,
  "createdAt": {
    "$date": "2024-09-12T10:37:38.022Z"
  },
  "updatedAt": {
    "$date": "2024-09-12T10:37:38.123Z"
  },
  "__v": 0
},
{
  "_id": {
    "$oid": "66e2f4397993dd09922b5eec"
  },
  "menu_detail": [
    {
      "_id": 1,
      "name": "Gỏi cuốn sốt đậu phộng",
      "quantity": 1
    },
    {
      "_id": 19,
      "name": "Canh bông hẹ đậu hũ",
      "quantity": 2
    },
    {
      "_id": 32,
      "name": "Nha đam hạt chia",
      "quantity": 1
    }
  ],
  "shipping_fee": 26500,
  "note": "Giao nhanh giùm nha",
  "total": 235500,
  "payment_method": "Thanh toán khi nhận hàng",
  "delivery_information": {
    "name": "Lưu Đức Hải",
    "phone_number": "0123456789",
    "district": "Quận 1",
    "ward": "Phường Đa Kao",
    "street": "Nguyễn Siêu"
  },
  "cod_amount": 235500,
  "status": 4,
  "delivery_notes": "Đang giao hàng",
  "send_tms": true,
  "createdAt": {
    "$date": "2024-09-12T14:52:08.578Z"
  },
  "updatedAt": {
    "$date": "2024-09-12T14:57:22.452Z"
  },
  "__v": 0,
  "delivery_person": {
    "name": "Nguyễn Văn A",
    "phone": "0329232212"
  }
},
{
  "_id": {
    "$oid": "66e2f62c2021ccbe12541512"
  },
  "menu_detail": [
    {
      "_id": 1,
      "name": "Gỏi cuốn sốt đậu phộng",
      "quantity": 1
    },
    {
      "_id": 19,
      "name": "Canh bông hẹ đậu hũ",
      "quantity": 2
    },
    {
      "_id": 32,
      "name": "Nha đam hạt chia",
      "quantity": 1
    }
  ],
  "shipping_fee": 26500,
  "note": "Giao nhanh giùm nha",
  "total": 235500,
  "payment_method": "Thanh toán khi nhận hàng",
  "delivery_information": {
    "name": "Lưu Đức Hải",
    "phone_number": "0123456789",
    "district": "Quận 1",
    "ward": "Phường Đa Kao",
    "street": "Nguyễn Siêu"
  },
  "cod_amount": 235500,
  "status": 3,
  "delivery_notes": "",
  "send_tms": true,
  "createdAt": {
    "$date": "2024-09-12T15:08:33.066Z"
  },
  "updatedAt": {
    "$date": "2024-09-12T15:08:33.159Z"
  },
  "__v": 0
},
{
  "_id": {
    "$oid": "66e2eee32021ccbe125414ea"
  },
  "menu_detail": [
    {
      "_id": 1,
      "name": "Gỏi cuốn sốt đậu phộng",
      "quantity": 2
    }
  ],
  "shipping_fee": 20000,
  "note": "",
  "total": 200000,
  "payment_method": "Đã chuyển khoản",
  "delivery_information": {
    "name": "Hải",
    "phone_number": "0123456789",
    "district": "Quận 1",
    "ward": "Phường Nguyễn Thái Bình",
    "street": "Nguyễn Cư Trinh"
  },
  "cod_amount": 0,
  "status": 3,
  "delivery_notes": "",
  "send_tms": true,
  "createdAt": {
    "$date": "2024-09-12T15:11:54.650Z"
  },
  "updatedAt": {
    "$date": "2024-09-12T15:52:00.838Z"
  },
  "__v": 0
},
{
  "_id": {
    "$oid": "66c3764f752fc5b49fc9c74c"
  },
  "menu_detail": [
    {
      "_id": 2,
      "name": "Chả giò",
      "quantity": 2
    }
  ],
  "shipping_fee": 19500,
  "note": "",
  "total": 203500,
  "payment_method": "Đã chuyển khoản",
  "delivery_information": {
    "name": "đấ",
    "phone_number": "0397843723",
    "district": "Quận 5",
    "ward": "Phường 07",
    "street": "dấdas"
  },
  "cod_amount": 0,
  "status": 3,
  "delivery_notes": "",
  "send_tms": true,
  "createdAt": {
    "$date": "2024-09-12T15:12:17.889Z"
  },
  "updatedAt": {
    "$date": "2024-09-12T15:12:17.952Z"
  },
  "__v": 0
},
{
  "_id": {
    "$oid": "66e31534d92ae8803bf6a7cf"
  },
  "menu_detail": [
    {
      "_id": 1,
      "name": "Gỏi cuốn sốt đậu phộng",
      "quantity": 1
    }
  ],
  "shipping_fee": 26500,
  "note": "",
  "total": 116500,
  "payment_method": "Đã chuyển khoản",
  "delivery_information": {
    "name": "thang",
    "phone_number": "0398776666",
    "district": "Quận 1",
    "ward": "Phường Bến Nghé",
    "street": "thahah"
  },
  "cod_amount": 0,
  "status": 3,
  "delivery_notes": "",
  "send_tms": true,
  "createdAt": {
    "$date": "2024-09-12T16:26:50.926Z"
  },
  "updatedAt": {
    "$date": "2024-09-12T16:26:51.003Z"
  },
  "__v": 0
},
{
  "_id": {
    "$oid": "66e3194c990ac9c50c1dea8d"
  },
  "menu_detail": [
    {
      "_id": 19,
      "name": "Canh bông hẹ đậu hũ",
      "quantity": 2
    }
  ],
  "shipping_fee": 22000,
  "note": "",
  "total": 99700,
  "payment_method": "Thanh toán khi nhận hàng",
  "delivery_information": {
    "name": "Tram",
    "phone_number": "0372976121",
    "district": "Quận 10",
    "ward": "Phường 02",
    "street": "Số 1"
  },
  "cod_amount": 99700,
  "status": 3,
  "delivery_notes": "",
  "send_tms": true,
  "createdAt": {
    "$date": "2024-09-12T16:40:33.419Z"
  },
  "updatedAt": {
    "$date": "2024-09-12T16:40:33.503Z"
  },
  "__v": 0
},
{
  "_id": {
    "$oid": "66e3a4ebd3aff618afce721f"
  },
  "menu_detail": [
    {
      "_id": 1,
      "name": "Gỏi cuốn sốt đậu phộng",
      "quantity": 1
    },
    {
      "_id": 5,
      "name": "Khoai tây chiên bơ",
      "quantity": 1
    }
  ],
  "shipping_fee": 20000,
  "note": "",
  "total": 101000,
  "payment_method": "Đã chuyển khoản",
  "delivery_information": {
    "name": "Hải",
    "phone_number": "0105289402",
    "district": "Quận 1",
    "ward": "Phường Nguyễn Thái Bình",
    "street": "đường"
  },
  "cod_amount": 0,
  "status": 3,
  "delivery_notes": "",
  "send_tms": true,
  "createdAt": {
    "$date": "2024-09-13T02:45:31.462Z"
  },
  "updatedAt": {
    "$date": "2024-09-13T02:45:31.976Z"
  },
  "__v": 0
},
{
  "_id": {
    "$oid": "66e3ad8727d641e3e34e1bff"
  },
  "menu_detail": [
    {
      "_id": 34,
      "name": "7up",
      "quantity": 1
    }
  ],
  "shipping_fee": 27000,
  "note": "",
  "total": 42750,
  "payment_method": "Thanh toán khi nhận hàng",
  "delivery_information": {
    "name": "Tram",
    "phone_number": "0372976121",
    "district": "Quận 10",
    "ward": "Phường 01",
    "street": "Số 1"
  },
  "cod_amount": 42750,
  "status": 3,
  "delivery_notes": "",
  "send_tms": true,
  "createdAt": {
    "$date": "2024-09-13T03:14:08.917Z"
  },
  "updatedAt": {
    "$date": "2024-09-13T03:14:09.031Z"
  },
  "__v": 0
},
{
  "_id": {
    "$oid": "66e3bbb5959b21fea089e25a"
  },
  "menu_detail": [
    {
      "_id": 32,
      "name": "Nha đam hạt chia",
      "quantity": 2
    }
  ],
  "shipping_fee": 27000,
  "note": "",
  "total": 121500,
  "payment_method": "Thanh toán khi nhận hàng",
  "delivery_information": {
    "name": "Tram",
    "phone_number": "0372976121",
    "district": "Quận 10",
    "ward": "Phường 01",
    "street": "Số 1"
  },
  "cod_amount": 121500,
  "status": 3,
  "delivery_notes": "",
  "send_tms": true,
  "createdAt": {
    "$date": "2024-09-13T04:31:53.748Z"
  },
  "updatedAt": {
    "$date": "2024-09-13T04:31:54.576Z"
  },
  "__v": 0
},
{
  "_id": {
    "$oid": "66e3da7ef9b674900d46f8e5"
  },
  "menu_detail": [
    {
      "_id": 2,
      "name": "Chả giò",
      "quantity": 1
    },
    {
      "_id": 5,
      "name": "Khoai tây chiên bơ",
      "quantity": 1
    }
  ],
  "shipping_fee": 18500,
  "note": "",
  "total": 135500,
  "payment_method": "Đã chuyển khoản",
  "delivery_information": {
    "name": "Hải",
    "phone_number": "0105289402",
    "district": "Quận 1",
    "ward": "Phường Nguyễn Cư Trinh",
    "street": "Đường abc"
  },
  "cod_amount": 0,
  "status": 3,
  "delivery_notes": "",
  "send_tms": true,
  "createdAt": {
    "$date": "2024-09-13T06:25:28.827Z"
  },
  "updatedAt": {
    "$date": "2024-09-13T06:25:29.517Z"
  },
  "__v": 0
}]