_id,gender,birthday
0956240126,Female,1974-11-24
0281852300,Male,1980-09-20
0520595055,Female,1988-07-23
0565923029,Male,1972-03-13
0286671151,Male,1985-05-31
0280299973,Female,2007-09-19
0365777587,Female,1997-08-29
0493258017,Female,1984-08-02
0942874846,Female,1993-01-23
0565319479,Male,1994-05-13
0213041361,Female,2010-09-30
0502099863,Male,1979-10-19
0345524878,Female,1993-07-01
0922489770,Female,1992-01-05
0116108170,Male,1995-12-11
0890778275,Female,1973-07-21
0845658434,Male,1999-04-09
0985273109,Female,1979-08-18
0685371911,Female,2010-07-04
0121022374,Male,2005-03-21
0292650362,Male,1989-05-28
0887996095,Male,1985-02-07
0917357812,Male,1981-02-19
0284122786,Female,1977-12-04
0891660539,Male,1986-10-18
0638988052,Female,2015-10-30
0158670381,Male,2007-12-29
0136179438,Male,1992-08-22
0443412997,Male,2003-09-12
0151663571,Male,2000-09-20
0941983304,Male,1972-03-18
0780892751,Female,1982-06-21
0838777454,Female,1998-09-09
0346897100,Female,2014-05-26
0277045259,Female,1980-12-22
0717481874,Male,1984-08-25
0415465286,Female,2009-08-20
0458331071,Male,1972-12-04
0157177751,Female,1999-09-01
0522405311,Female,1995-10-28
0517354760,Female,2010-12-18
0563110584,Female,1974-09-22
0821474781,Female,1975-10-14
0881613032,Female,2012-06-30
0961549859,Male,1977-08-26
0137839856,Male,2012-01-13
0907606429,Male,2015-07-06
0836879316,Female,1971-11-03
0852957216,Female,1996-09-23
0988775468,Male,2015-10-10
0768933020,Female,2014-05-16
0534672672,Male,2000-06-16
0835642730,Male,1976-11-30
0271907978,Female,1985-10-04
0827541413,Male,1992-12-28
0931649117,Male,1984-07-11
0341526426,Female,1980-12-10
0337182111,Male,1971-01-29
0427544924,Female,1986-04-20
0120642419,Female,1995-10-11
0921170815,Female,2012-05-21
0678673108,Female,1999-12-17
0253868106,Male,2015-02-04
0837925442,Male,1998-04-27
0442558958,Female,1995-02-10
0622945487,Male,1999-07-26
0335527391,Male,1986-07-18
0727351549,Male,1985-12-20
0541985603,Male,1998-01-31
0827541413,Male,1990-10-30
0739684990,Male,2001-12-30
0218505338,Male,1993-11-16
0415761857,Male,1991-08-19
0496901318,Female,2014-05-27
0873885128,Male,1974-01-15
0575770533,Male,1980-01-12
0559469587,Male,1974-04-18
0631007419,Male,2000-07-23
0506055549,Male,1976-08-14
0670938444,Female,1997-09-08
0963359491,Male,1998-10-30
0296718862,Female,1987-08-31
0516261164,Female,1974-11-20
0165898073,Male,1989-12-09
0462552776,Female,1978-06-22
0616464444,Female,1980-02-28
0306280953,Male,1985-05-21
0842567575,Female,2010-06-05
0862828823,Male,1972-08-30
0117938889,Female,2004-04-26
0681345442,Male,2012-05-13
0175211283,Male,1975-01-14
0763663131,Male,1992-03-08
0496060517,Male,2007-02-16
0305554799,Male,1991-03-27
0638168611,Male,1993-08-12
0772510166,Female,1972-01-30
0657002298,Female,2003-03-27
0601829534,Male,2008-08-26
0640869598,Male,1977-04-26
0458773651,Male,1996-03-02
0593821991,Female,1970-06-30
0366235655,Male,1982-08-07
0162574641,Male,1975-12-09
0456338121,Female,2011-05-20
0302198808,Male,1999-03-08
0682658798,Male,1971-04-13
0945716003,Female,1999-09-12
0291072577,Male,1995-12-30
0253682922,Male,2012-01-31
0945716003,Female,1970-03-08
0667066028,Male,1997-10-15
0475788082,Male,1996-08-20
0517463072,Female,1984-04-19
0432597719,Male,2014-08-04
0565947047,Male,1970-01-20
0464895090,Male,1985-11-18
0194138601,Male,1985-05-19
0513351080,Female,1974-02-03
0654189846,Female,1997-07-02
0217379143,Male,1973-03-13
0423707441,Male,1999-02-17
0964793351,Male,2009-11-21
0396275381,Male,1983-10-08
0143809261,Female,1993-08-04
0230113889,Male,1991-04-23
0984578928,Male,1992-03-11
0597552837,Male,1985-06-05
0167520750,Female,1980-11-21
0305481655,Male,2000-10-03
0225775339,Female,2005-01-06
0246184754,Female,1997-02-02
0675280883,Female,1980-10-02
0333932063,Female,2012-09-27
0862102114,Male,1991-08-23
0316656144,Female,1982-05-02
0387283118,Female,1998-02-17
0709624900,Male,1981-06-18
0681345442,Female,2003-09-05
0879169094,Male,1987-07-19
0554547066,Female,1990-07-03
0772759311,Male,1977-02-12
0644191007,Male,1970-03-14
0417125977,Female,1997-08-26
0722295305,Female,1972-04-18
0548311115,Female,1977-05-15
0883152189,Female,2004-09-19
0368461532,Female,1979-02-08
0232716380,Female,2000-03-02
0977237956,Female,2014-12-02
0965181143,Female,2011-01-16
0191580416,Female,1982-01-20
0277479644,Male,2012-08-15
0963071338,Female,1988-09-20
0396275381,Female,1975-09-11
0420838246,Female,1995-01-08
0631972906,Male,1987-11-15
0319134336,Female,2002-10-14
0524088443,Male,1999-06-14
0345524878,Male,1994-07-24
0516080622,Female,1992-04-21
0598458161,Female,1989-10-17
0846712342,Male,2012-03-17
0248858731,Male,2000-11-07
0455480222,Male,1995-05-11
0891078473,Female,2013-11-26
0964793351,Male,1985-09-15
0769485353,Male,1986-08-04
0800938216,Male,1982-06-12
0624069696,Male,1996-11-21
0686093931,Male,1979-03-09
0263661214,Female,1978-04-01
0833694034,Female,2015-01-18
0897010963,Female,2012-08-25
0675280883,Male,1982-04-17
0463620048,Male,2014-10-12
0683167785,Female,1982-03-30
0708988996,Male,1996-09-18
0968444497,Female,2006-09-05
0193523128,Female,1983-07-15
0593180263,Male,1972-03-03
0185885478,Female,1991-03-13
0893881756,Female,2006-02-09
0142244788,Male,2004-01-14
0838479989,Female,2009-03-29
0958386504,Female,2008-09-02
0327166709,Female,1991-10-24
0997760463,Female,1986-10-24
0208494765,Female,1986-01-30
0517463072,Male,2005-12-26
0307341689,Male,2011-08-25
0782671715,Male,2007-05-10
0608789240,Female,2010-08-23
0190991498,Male,1989-07-26
0259275236,Male,2003-12-17
0590394133,Female,2014-12-04
0975736004,Male,2011-06-23
0611814096,Female,1997-12-12
0149710426,Male,2012-08-13
0348081177,Male,2004-06-13
0229845406,Male,1980-08-04
0593668047,Male,2002-10-17
0347350031,Male,2009-08-11
0957577696,Male,2009-04-20
0490404932,Female,2012-03-22
0746395541,Female,1994-06-19
0815944607,Male,1974-11-02
0915933623,Female,1987-02-28
0533894573,Male,2010-12-14
0517030417,Female,2006-12-25
0231316484,Female,1990-04-24
0906734011,Female,2005-12-30
0904147079,Female,1990-12-29
0191580416,Male,2011-04-24
0345899402,Female,2006-04-14
0217020550,Male,1999-12-24
0959499576,Male,1989-04-10
0240785369,Male,1990-07-30
0405671257,Female,1996-11-03
0821493134,Male,1990-01-05
0911651216,Male,1986-10-16
0825866890,Male,2003-09-09
0256415935,Male,1997-12-03
0679513857,Male,1987-05-07
0941983304,Female,2013-10-04
0427544924,Female,2007-06-09
0709770521,Female,2011-12-20
0175211283,Female,1978-06-16
0236614339,Female,1996-01-04
0773822631,Male,1987-08-02
0295085173,Female,2007-03-21
0969842597,Female,1989-12-06
0941983304,Male,1981-09-22
0496171974,Male,1981-10-22
0822723833,Female,1980-09-14
0155690229,Female,1972-05-29
0625050567,Female,1977-06-05
0597694728,Male,1978-06-13
0996994536,Female,2006-01-01
0917025875,Male,1990-05-27
0219633490,Male,1978-07-11
0142105936,Male,1994-04-11
0590983380,Female,1981-11-03
0663358621,Female,1976-12-23
0292310543,Female,2002-04-11
0780864616,Female,2011-09-21
0432561282,Female,2002-11-09
0917025875,Male,1975-05-18
0679513857,Female,2013-03-13
0975849942,Male,2001-06-20
0423707441,Female,1986-11-17
0989764776,Female,1972-06-15
0459894523,Female,1994-02-05
0783559553,Male,1978-08-25
0848556092,Female,1977-11-24
0280299973,Female,1987-06-21
0583507127,Male,1982-12-11
0907606429,Female,1997-08-09
0875922426,Female,1975-05-24
0643526617,Male,1995-06-11
0740443958,Female,2009-12-10
0644854875,Female,2003-09-07
0829122931,Male,2014-06-23
0837999725,Female,2015-06-06
0867867726,Female,2001-05-16
0787568782,Male,2004-11-18
0610647987,Male,2001-06-03
0927966222,Female,1990-06-02
0437988236,Female,2003-03-19
0538427941,Female,2014-08-26
0962592189,Male,2011-10-04
0490894749,Female,1992-08-27
0148400448,Male,2013-11-29
0320477835,Male,1993-08-27
0670397371,Male,2006-07-26
0917025875,Female,1987-01-29
0625145108,Female,1994-01-13
0702375118,Female,2013-10-01
0616996161,Female,1996-08-26
0760047747,Female,2007-11-23
0344343264,Male,1987-10-30
0657271278,Female,2000-03-23
0751899544,Male,1993-06-30
0546006755,Male,1971-08-17
0656027988,Male,2008-10-29
0401647552,Female,1999-05-21
0672122520,Female,1994-11-01
0822342234,Female,1987-02-22
0644854875,Female,1980-07-31
0444101725,Male,2004-06-29
0637284585,Female,1980-01-17
0951390378,Male,1993-02-15
0647021003,Female,1975-02-18
0175957309,Male,1999-10-16
0870730703,Male,1972-11-18
0144042169,Male,2003-07-23
0620320758,Female,1993-11-15
0169083930,Female,1977-11-22
0501272148,Male,1990-02-27
0700297007,Female,2007-07-15
0155733649,Female,2014-07-04
0871237272,Female,2002-07-08
0345524878,Female,1978-09-10
0608918249,Female,2006-12-15
0762558030,Female,1982-03-11
0665396551,Female,1989-10-13
0532474666,Male,2006-04-14
0771780659,Male,1995-08-23
0133910280,Male,1994-12-08
0337301560,Male,2001-10-21
0167520750,Male,2011-04-21
0333932063,Female,1978-09-14
0724840167,Male,1970-03-24
0744546608,Female,1990-03-05
0439308248,Male,1975-10-03
0178028678,Male,2013-04-15
0456352063,Male,1976-06-04
0640691295,Male,1989-08-26
0375198773,Female,2006-04-20
0616996161,Female,1972-09-13
0868459203,Male,2015-11-30
0845658434,Male,1989-04-20
0337182111,Male,2008-08-16
0111124177,Female,1972-04-21
0560291039,Female,1986-02-25
0800361959,Male,1996-11-16
0899294114,Female,1979-10-16
0213041361,Male,1973-10-17
0890385312,Male,2009-06-08
0819032130,Female,1988-03-21
0346530025,Female,1974-07-23
0885908307,Male,1977-01-23
0940877915,Female,2015-06-29
0588298706,Male,1986-05-08
0797972162,Female,2010-01-08
0230619695,Male,2008-11-13
0345290239,Male,1996-07-28
0271982446,Female,2013-11-29
0359560879,Female,1998-06-28
0800361959,Female,1984-03-08
0587964543,Male,1975-05-13
0225831943,Male,1976-02-22
0275518813,Female,2000-02-09
0899869494,Female,1993-11-08
0239721624,Male,1996-08-25
0912210729,Female,1999-10-27
0561703251,Female,1992-01-24
0679702721,Female,2013-05-16
0721972618,Female,1979-05-07
0797839044,Female,1986-12-03
0182590138,Male,1983-03-10
0176149854,Male,1998-03-19
0486045687,Male,2009-12-10
0548311115,Male,1980-03-10
0929367230,Male,1975-09-22
0884388113,Male,1994-04-06
0168004438,Female,1977-04-02
0807322571,Female,2012-10-08
0767755630,Female,1990-09-10
0999823778,Male,1998-05-09
0927940456,Female,1987-05-14
0635920305,Female,2005-07-23
0516656103,Male,1982-04-03
0916469521,Male,1990-12-02
0969163172,Male,1971-01-08
0202740326,Male,1973-10-12
0236614339,Female,1983-10-25
0323333276,Male,1979-05-07
0908127589,Male,1988-12-27
0842886038,Female,1975-07-16
0427544924,Male,1972-09-27
0523003750,Female,1978-06-17
0715193796,Male,1973-11-26
0848048377,Female,1977-07-23
0817962648,Male,1991-06-27
0167756078,Female,1980-02-04
0859084550,Female,1997-12-18
0170072810,Male,2007-09-10
0679702721,Male,1984-08-16
0394383439,Female,1999-03-24
0749499481,Female,1999-04-26
0523003750,Male,1987-05-10
0120642419,Female,2007-11-17
0269031421,Male,1980-07-26
0384630712,Female,1974-11-28
0559469587,Female,1988-03-26
0516656103,Male,1988-01-11
0613795151,Female,2012-10-26
0293155398,Female,1997-10-28
0967695411,Female,1989-07-19
0941036677,Female,1989-05-09
0526219725,Female,1976-05-28
0611414741,Male,1998-08-17
0253295909,Male,2003-01-10
0484204220,Male,1984-11-07
0394383439,Male,2012-05-07
0207765802,Female,1997-04-22
0229845406,Male,1983-08-24
0530990969,Female,2015-01-07
0847862747,Female,1999-09-14
0843224174,Female,1977-11-16
0369497864,Male,1975-09-16
0852640066,Female,1981-01-17
0842886038,Female,2012-04-27
0161045872,Female,1996-01-18
0681938273,Male,2005-08-30
0568129353,Male,1987-11-14
0611414741,Female,2005-05-17
0305370718,Female,1977-04-01
0407404570,Male,2000-05-17
0912313418,Female,1988-11-19
0845658434,Male,2000-09-02
0408683719,Male,2008-07-26
0809724018,Male,1970-04-09
0198100832,Female,2005-02-25
0343305685,Female,1976-10-12
0332141164,Female,1971-07-28
0671667810,Male,1995-07-30
0249688180,Male,1991-09-27
0739247945,Male,1990-06-20
0796795684,Female,2008-09-25
0249693896,Male,1988-03-13
0701979383,Female,1991-01-18
0110111768,Female,1970-06-01
0903603425,Female,1972-02-07
0779329511,Female,1976-10-14
0758674182,Female,2010-08-13
0170097735,Male,1977-03-08
0750694346,Male,1975-02-01
0497720115,Female,2003-11-06
0161591593,Male,1993-03-27
0437988236,Male,1977-12-31
0768634578,Female,1972-11-07
0864613423,Male,2009-05-07
0118816423,Male,2015-08-02
0799904451,Male,1997-08-29
0959499576,Female,2014-06-03
0373356753,Male,1988-10-18
0892640037,Male,2011-11-22
0158830252,Female,1988-03-17
0492143865,Female,1992-01-27
0997615296,Female,1980-07-30
0420838246,Female,1977-07-21
0880107823,Male,1983-01-10
0386577296,Male,2014-03-28
0197472468,Male,1972-01-21
0464895090,Female,2004-10-06
0760428680,Female,2005-06-21
0837968732,Male,2015-12-13
0946911772,Male,1999-12-13
0657271278,Male,1979-01-07
0100130890,Female,2010-09-04
0188788019,Female,1987-03-07
0433182859,Male,1977-01-17
0482655377,Male,1985-06-14
0985511242,Male,1995-09-01
0281852300,Female,1989-09-04
0557237894,Male,1971-11-29
0819016685,Male,1981-09-10
0855564353,Male,1985-05-18
0137839856,Female,1981-11-20
0194568853,Male,1974-07-14
0975510476,Female,2006-07-26
0987086357,Male,1991-07-14
0882885039,Male,2001-12-04
0526219725,Female,1982-07-04
0584766821,Male,1976-12-21
0561439267,Male,2011-06-28
0354952507,Male,2000-02-27
0264046640,Female,1977-04-02
0356523716,Male,1996-06-25
0490894749,Female,2010-01-10
0610647987,Male,2003-09-30
0934065627,Female,1970-04-21
0516080622,Female,1982-04-23
0518749381,Male,1974-02-11
0306445916,Female,1984-09-07
0934065627,Female,1976-07-11
0345275334,Female,2014-07-31
0310373863,Female,1993-08-09
0535929450,Female,1985-01-22
0512324218,Female,1976-02-23
0306445916,Male,1988-02-05
0783218997,Male,1984-07-05
0341829102,Female,1989-01-16
0460254913,Female,1999-01-08
0418911372,Male,2007-10-24
0641594547,Female,1992-02-02
0868259950,Female,1985-04-18
0747607185,Male,2012-12-26
0946911772,Female,1998-10-05
0946550244,Male,1988-08-20
0405486141,Male,1983-09-27
0640495956,Male,1974-03-12
0396277028,Male,1984-02-18
0229845406,Female,1992-02-20
0378913662,Male,2005-07-30
0740368578,Male,2008-05-31
0605429992,Female,1972-04-08
0963984845,Female,2014-08-10
0868259950,Male,1970-01-05
0921019093,Male,1974-12-17
0459962599,Female,2007-11-27
0602316229,Female,1983-10-19
0156033943,Female,1994-06-11
0443412997,Female,1989-02-02
0652003712,Female,2007-11-05
0724840167,Male,1983-02-11
0879597668,Male,1999-10-28
0986856633,Male,1984-07-29
0873885128,Male,1988-03-13
0240906743,Male,2000-02-12
0337142584,Male,1986-03-28
0735213872,Female,1976-03-04
0738973494,Female,1980-05-13
0885623048,Male,1981-09-12
0460788652,Male,1991-05-11
0753710785,Female,2000-05-12
0719245219,Female,1984-08-01
0727130021,Female,1975-06-07
0438110495,Male,2009-09-26
0256772111,Male,1983-03-07
0998556578,Male,2000-11-03
0851361273,Male,1972-06-16
0317726098,Female,2003-05-15
0750566567,Female,1990-05-17
0402348727,Female,2015-03-12
0254612033,Male,1978-06-18
0341526426,Male,1977-12-27
0680494695,Female,2002-04-21
0450144704,Female,1974-08-29
0963071338,Female,2012-03-14
0810369846,Female,2012-09-07
0602465628,Male,1976-10-04
0829622006,Female,1998-03-14
0517030417,Male,1972-01-16
0765671179,Male,1992-05-03
0638353417,Male,2013-09-10
0833177192,Male,2009-11-09
0400794345,Female,1975-02-15
0230113889,Male,1984-04-21
0732802223,Male,2012-06-14
0842567575,Female,1984-01-08
0219633490,Male,2010-09-15
0864514002,Male,1990-08-22
0354530613,Female,1986-10-19
0707469943,Male,1989-09-04
0523538563,Male,1986-03-02
0620320758,Female,1983-04-23
0289010641,Female,1971-10-28
0420422321,Female,2015-11-18
0644191007,Female,2007-05-30
0225831943,Female,1971-04-28
0667649673,Male,2006-02-20
0368461532,Male,1972-04-16
0561074065,Female,1990-05-16
0644854875,Female,1975-12-04
0958386504,Female,1998-08-21
0517792720,Male,1977-10-09
0219877477,Female,1982-03-21
0164343834,Female,1979-05-29
0362481599,Female,1995-10-02
0530149256,Male,2007-12-03
0436007285,Male,1999-12-22
0760047747,Female,1994-12-29
0616342393,Female,2010-04-26
0464619589,Female,2008-03-21
0900338790,Female,1978-01-26
0956649914,Female,1984-11-18
0690323625,Male,1981-07-03
0601599221,Female,2009-07-28
0870730703,Male,1997-08-26
0459516451,Female,1970-12-01
0811170535,Male,1974-04-01
0450529720,Female,2010-04-15
0484119129,Female,1977-05-22
0906056682,Male,1987-07-21
0207276230,Female,1980-09-06
0938833188,Female,1989-05-11
0896989855,Male,1984-06-27
0867867726,Female,1983-11-01
0804924603,Female,1996-11-06
0771613315,Male,1989-03-01
0747607185,Female,1983-10-20
0868259950,Male,1976-08-26
0829122931,Female,2011-04-25
0652458388,Male,2000-11-08
0732227569,Female,1987-07-03
0405486141,Male,1971-07-24
0968030332,Female,1971-04-21
0354530613,Female,1976-04-21
0713898918,Female,2000-01-21
0512237246,Female,1981-07-25
0240906743,Female,2015-10-29
0338240809,Female,1984-07-11
0256415935,Female,1984-12-20
0608789240,Female,1981-11-19
0473663124,Male,1991-10-10
0705182965,Male,2011-04-01
0660986779,Female,1970-05-25
0729991011,Female,1993-11-30
0164343834,Female,2010-09-23
0343305685,Male,2004-04-03
0975522384,Male,1986-12-04
0508298521,Male,2014-08-18
0999750397,Male,1974-11-05
0993603299,Male,1975-10-05
0657126275,Male,2011-12-27
0786551730,Female,1981-11-16
0133698003,Male,1986-06-02
0610028153,Male,1998-05-16
0254612033,Male,1989-02-16
0728920466,Female,2012-05-23
0327072616,Male,2008-04-08
0964954270,Female,2010-02-21
0804924603,Female,2002-12-16
0693757516,Female,1989-10-04
0732276187,Male,1995-09-28
0696809871,Female,1983-05-13
0989340166,Female,2009-06-11
0743151390,Male,2004-12-03
0310373863,Female,2007-09-26
0855570934,Female,1976-06-23
0448481499,Female,1981-03-11
0392712909,Female,1983-08-12
0352234741,Female,1992-06-17
0963359491,Female,1982-08-06
0656831393,Female,1978-05-20
0108084734,Male,1971-03-05
0513804869,Female,2003-04-22
0316303336,Female,1986-04-07
0134870211,Male,1972-05-17
0670938444,Female,2009-01-21
0767755630,Female,2010-01-26
0243179010,Female,2000-01-19
0356514079,Male,2012-03-13
0927214457,Male,1976-01-02
0894370613,Male,2001-01-21
0558795625,Female,2012-09-25
0846095055,Female,2013-03-25
0345680748,Male,1988-06-14
0121022374,Female,1994-04-16
0792747189,Female,1987-10-25
0470063679,Male,1984-05-27
0710318025,Female,1983-09-19
0654189846,Male,1975-09-10
0340325403,Male,1973-05-09
0484538783,Female,1977-10-11
0729126081,Male,2014-10-25
0274993978,Male,1973-01-09
0384630712,Male,2013-11-08
0768591088,Female,1982-03-03
0678915766,Female,1978-05-04
0819016685,Male,2009-01-29
0351180039,Female,1992-10-14
0104722061,Male,1985-05-14
0362881597,Female,1973-01-18
0559146311,Female,1986-10-18
0382394484,Male,2003-12-16
0959499576,Male,1971-09-22
0975736004,Male,1999-02-18
0574834788,Male,1970-06-09
0580121827,Female,1986-10-29
0182437885,Female,1985-05-26
0569603357,Female,1980-07-30
0460784100,Female,2009-11-28
0181918471,Male,1986-07-27
0848826097,Male,1975-03-17
0782671715,Female,2004-06-15
0189460126,Male,2010-07-20
0420838246,Female,1988-01-27
0517017257,Male,1986-04-11
0857831794,Female,1982-11-03
0732500462,Male,2006-11-09
0719245219,Female,1979-06-22
0698452296,Female,1997-08-18
0348081177,Male,1993-07-30
0155733649,Female,1985-07-16
0284938420,Female,2006-02-01
0625145108,Female,1987-02-23
0623528587,Male,1986-11-17
0800938216,Male,1998-06-16
0310373863,Female,2011-03-30
0182468455,Male,1972-09-20
0705785468,Male,2007-09-27
0922461459,Male,1997-10-18
0670397371,Female,1991-07-05
0340063681,Female,1981-05-14
0958069153,Female,1995-07-28
0381125769,Male,1975-07-03
0986023601,Male,1993-05-22
0412911632,Female,2013-06-08
0950227893,Male,1994-06-15
0548801790,Male,1977-10-18
0214580916,Male,1982-05-18
0346897100,Male,1985-05-27
0719108607,Male,1979-12-02
0375035396,Female,2002-10-01
0621316666,Female,2008-01-20
0515307213,Male,1996-12-07
0807608229,Male,1985-10-05
0305669217,Female,1972-01-31
0566287156,Female,1989-04-19
0899432210,Male,2006-05-01
0758633764,Male,1983-05-26
0749836613,Male,1993-10-20
0750586048,Female,2000-10-27
0567053773,Male,1991-07-06
0858568546,Female,2005-08-07
0497115723,Female,2009-06-06
0145296983,Female,1991-08-21
0212412185,Male,2011-12-14
0963705022,Female,1971-11-09
0396275381,Male,1980-02-01
0579194150,Male,1989-07-03
0897010963,Female,2003-03-17
0636159534,Female,2009-09-07
0345275334,Male,1977-04-20
0163219994,Male,1997-08-03
0999750397,Male,1991-10-29
0608918249,Female,1992-03-28
0691479815,Male,1974-03-16
0601829534,Male,1989-05-13
0137839856,Female,1970-07-24
0785786549,Male,1992-08-05
0331637345,Male,1993-03-28
0390195032,Male,1991-12-08
0810369846,Male,1983-03-06
0312577560,Male,1980-08-19
0243134888,Female,2007-08-15
0601392275,Female,1971-01-23
0360179319,Male,2000-07-29
0610028153,Male,1989-02-17
0767635989,Male,1977-08-05
0732276187,Female,1981-09-26
0562420773,Male,1986-03-01
0654189846,Female,2010-01-23
0546764438,Male,1984-08-13
0184654957,Female,1983-01-05
0577980460,Female,1988-12-17
0413157380,Female,2011-01-24
0998556578,Male,2012-04-22
0656637358,Male,2009-04-08
0512324218,Female,2015-12-06
0548801790,Male,1971-05-16
0427727142,Male,1972-03-24
0305370718,Male,1986-01-05
0857831794,Male,2001-05-28
0810900117,Male,1985-07-23
0931845205,Female,2005-06-12
0601392275,Female,1981-02-21
0708385312,Female,1992-01-03
0485704308,Male,2005-09-17
0614354337,Male,1989-05-10
0882656534,Male,1983-12-03
0338485688,Male,1994-07-02
0541243200,Male,1977-02-28
0702375118,Male,1975-12-02
0884224391,Female,1993-04-01
0569603357,Male,1972-12-23
0750241328,Female,1997-04-30
0962170503,Male,2013-01-11
0352082312,Female,1973-05-14
0153968802,Male,2001-09-17
0785786549,Male,1983-06-19
0851169860,Female,1978-12-08
0256503258,Male,1987-06-07
0797839044,Male,2011-01-14
0355664495,Male,1976-03-06
0492680265,Male,2015-02-26
0487842234,Female,1999-04-30
0894370613,Male,2001-12-13
0594751589,Male,1992-02-17
0663358621,Female,1973-04-27
0785975510,Female,2015-08-02
0629330880,Male,2013-05-22
0840531767,Female,1991-03-12
0324448933,Male,1989-08-29
0126968305,Male,2014-07-27
0184654957,Female,1983-05-19
0280183336,Male,2001-07-04
0518749381,Female,2000-10-12
0678915766,Male,1985-03-07
0890841655,Male,1990-08-31
0751109848,Female,1994-03-23
0996994536,Female,1992-06-30
0382394484,Male,2007-04-23
0191580416,Female,1993-01-03
0378612144,Male,2010-03-28
0100680419,Female,1985-12-08
0882885039,Female,1970-06-27
0253622450,Male,2014-07-15
0137839856,Male,1987-12-26
0333932063,Female,2001-03-08
0541142218,Female,1994-06-04
0660089233,Male,1988-11-11
0614539907,Female,2011-12-19
0717902641,Male,2003-03-12
0957735152,Male,1984-09-29
0899172420,Male,2003-04-08
0350585960,Female,1985-05-14
0824405933,Female,2014-01-26
0442558958,Male,1976-12-04
0497115723,Female,2008-10-19
0340362746,Male,1987-01-09
0224359700,Female,1993-01-09
0646922110,Female,1995-04-23
0460254913,Male,1983-09-15
0667066028,Male,2002-10-20
0196683371,Male,1980-12-09
0542393882,Female,1984-08-29
0747607185,Male,2009-12-01
0616464444,Male,2014-02-21
0511928510,Female,1988-11-03
0982405401,Male,1972-02-26
0349222260,Female,2007-12-25
0520330645,Female,1973-04-12
0103521117,Male,1982-04-01
0744117428,Male,1999-11-02
0997745900,Male,1982-05-28
0141211473,Male,1978-11-13
0142105936,Male,2004-06-17
0880168093,Female,2009-08-17
0360007485,Male,2003-02-02
0158830252,Female,2012-01-27
0660986779,Female,2005-09-02
0346897100,Male,2004-04-16
0965798071,Male,1972-08-03
0753437066,Male,2013-02-17
0583315843,Male,1992-02-12
0626920832,Male,1979-09-25
0654714806,Female,1984-08-09
0667066028,Male,1980-05-16
0963984845,Male,1985-08-13
0674101258,Male,1987-12-03
0717760922,Female,2014-04-11
0518636434,Male,2007-08-10
0788609530,Male,1972-02-12
0602679446,Female,1980-10-22
0519336022,Male,1970-11-02
0897405313,Male,1974-04-23
0506339826,Male,2013-02-13
0836031045,Female,1993-05-13
0654714806,Male,1971-09-09
0907606429,Male,2006-05-03
0775701475,Female,1999-12-07
0629330880,Male,1971-03-16
0376349516,Male,2013-05-20
0851361273,Male,1987-02-27
0514798632,Male,1972-03-15
0632670546,Female,1976-07-12
0705773234,Male,1986-07-13
0464895090,Female,1995-12-16
0765978123,Male,2002-10-06
0950227893,Male,2014-02-12
0963984845,Male,1974-10-12
0770481740,Female,1974-11-24
0749499481,Female,1977-11-23
0927445218,Female,1989-11-01
0864613423,Male,1970-07-16
0222522001,Male,1995-08-17
0825704694,Female,1999-02-25
0962710149,Female,1976-10-03
0559469587,Male,1975-07-30
0785668230,Male,2015-01-10
0377381842,Male,1992-08-22
0218505338,Male,2000-04-20
0411350771,Female,1972-01-07
0415761857,Male,1991-05-27
0141211473,Male,2010-03-23
0268593461,Female,1976-01-27
0331590969,Male,1994-12-19
0444101725,Male,2015-07-22
0466606476,Male,1975-09-13
0831757534,Male,2013-03-18
0471618900,Male,1993-10-23
0461310443,Male,1972-12-03
0202740326,Male,1988-04-27
0478466509,Female,1991-03-20
0991531159,Male,1976-03-08
0779329511,Female,1979-07-07
0406066365,Male,2008-09-21
0915828191,Female,1984-12-06
0681938273,Male,1970-11-28
0650567100,Male,1999-06-23
0420531917,Male,2007-06-26
0996309652,Male,1984-10-01
0940877915,Female,2014-11-27
0340362746,Female,2006-01-09
0738440791,Female,1993-03-03
0744546608,Female,1975-08-16
0963359491,Female,1993-06-20
0998556578,Female,1999-02-23
0519336022,Male,1980-04-11
0747311757,Male,1992-10-16
0114344049,Male,1997-11-25
0807322571,Female,1987-07-01
0968267337,Male,1975-03-25
0558795625,Male,1991-06-05
0487842234,Male,2009-06-11
0614827427,Female,1995-05-01
0166931168,Male,2003-08-08
0705705724,Female,1977-10-24
0613795151,Female,1972-08-28
0599806643,Male,2011-03-25
0247784937,Female,1998-12-23
0678673108,Male,1985-03-10
0274993978,Male,2001-05-03
0527801772,Male,1996-04-01
0115361828,Female,2006-05-17
0253777452,Male,2012-12-07
0251305315,Male,1992-10-28
0306280953,Male,1995-06-11
0394807237,Male,1980-12-05
0907606429,Male,1971-10-25
0910295160,Male,1985-02-14
0640495956,Male,1972-06-30
0862828823,Male,1985-06-12
0176149854,Female,1977-11-21
0724840167,Female,1992-09-11
0962710149,Female,1975-04-06
0165898073,Male,1998-12-18
0633314539,Male,2002-11-19
0316499354,Male,1984-06-10
0594751589,Female,1971-10-05
0113389499,Male,2004-08-07
0537773995,Female,2001-10-01
0384630712,Male,1973-06-25
0831492789,Male,1996-04-24
0420531917,Female,1991-12-13
0535929450,Male,2003-05-03
0614760557,Female,2013-09-03
0700853566,Male,2002-07-27
0958069153,Male,2007-03-28
0310145044,Male,2010-12-26
0384527861,Female,2011-03-25
0595309537,Female,1998-02-06
0679702721,Female,1989-12-25
0611814096,Male,2013-01-09
0642723133,Female,1985-10-31
0727130021,Male,2012-05-03
0977237956,Female,1984-09-18
0641569198,Female,2002-04-29
0191709740,Male,1987-04-29
0113904299,Male,1973-10-27
0879597668,Male,2009-12-21
0801999495,Female,1989-06-24
0283603825,Female,1983-05-23
0540458052,Female,2012-11-23
0614961667,Male,1995-10-09
0883717494,Female,1999-11-23
0248473756,Female,1987-02-23
0212399029,Female,1998-10-28
0284122786,Male,1970-12-27
0967695411,Female,1977-10-23
0362481599,Male,2014-11-12
0540458052,Male,2003-02-12
0923395772,Female,2011-06-05
0481287840,Female,2001-02-06
0456338121,Male,1984-07-19
0661851889,Female,2006-01-30
0738758066,Male,2008-07-30
0444074914,Female,2006-12-01
0585337752,Male,1974-01-27
0780892751,Male,1983-12-26
0444074914,Female,1997-11-24
0929439881,Male,1994-07-29
0584964786,Female,1992-09-09
0389573648,Male,1978-03-23
0657126275,Male,2012-08-02
0100657606,Female,1972-10-31
0557900902,Male,1983-05-11
0248144138,Male,2006-09-30
0182629220,Male,2009-01-16
0997745900,Female,2008-07-09
0170110645,Male,1983-12-29
0491987067,Female,1981-05-18
0462552776,Female,1995-04-20
0151757663,Male,1974-08-07
0892337736,Male,1992-11-27
0107333589,Female,1983-11-30
0289680127,Male,2013-05-19
0446231538,Female,2010-11-22
0742498391,Female,1978-06-05
0604905432,Male,1972-10-25
0154865155,Male,2014-04-19
0287248748,Male,1995-06-07
0471882799,Male,2013-12-03
0381125769,Female,1975-05-03
0809284568,Female,1994-09-14
0446271772,Male,1980-10-29
0559326750,Female,1994-02-10
0256181685,Male,1971-09-01
0963359491,Female,1977-07-04
0577980460,Female,2013-01-20
0846205670,Male,2005-04-05
0344836482,Male,1993-02-23
0225775339,Male,1998-02-08
0405486141,Female,1996-05-28
0277045259,Female,2011-03-15
0666214165,Female,1972-07-20
0255101351,Male,2002-04-14
0999149991,Male,2001-04-06
0845658434,Male,1977-11-29
0836879316,Male,1985-10-26
0608726213,Female,2003-02-20
0382394484,Female,1991-01-19
0888928327,Male,1978-03-12
0965181143,Female,2010-06-17
0821709206,Male,1990-12-07
0463392917,Male,2002-03-25
0993603299,Female,1980-10-28
0736741492,Male,1977-12-18
0365777587,Male,2004-06-23
0436688065,Female,1979-10-06
0738652955,Female,1986-06-01
0621316666,Male,1975-06-10
0522405311,Male,2011-03-26
0295296822,Male,2012-03-04
0402466156,Female,1997-01-20
0946550244,Female,1993-08-17
0912863823,Male,1970-06-08
0665995499,Female,2009-09-10
0389279227,Male,2006-12-01
0629038770,Female,1990-01-22
0747211790,Male,2004-02-03
0176446268,Male,2014-04-02
0140867678,Female,1997-01-10
0879597668,Female,1983-09-09
0805121931,Male,1986-01-18
0708988996,Male,2006-08-18
0296718862,Female,2004-09-28
0979911756,Female,2013-10-09
0862569824,Male,2011-05-02
0217020550,Female,2004-02-26
0167520750,Female,1983-09-12
0755500756,Female,2008-01-02
0333566413,Male,2002-12-06
0967790625,Male,1982-06-26
0582100602,Male,2001-10-26
0302716140,Female,2012-02-13
0509533393,Male,1978-11-25
0756759123,Male,1971-11-27
0656637358,Female,2009-06-16
0424305157,Female,2008-12-15
0416373583,Male,2003-10-20
0681345442,Male,1978-10-12
0941534920,Male,2004-06-18
0176366134,Male,2012-08-25
0237146383,Male,1971-01-31
0821709206,Female,1990-10-12
0759373038,Female,1995-04-30
0331953695,Female,2012-04-10
0717902641,Female,2003-06-12
0931736503,Female,2001-11-07
0626290150,Male,1988-03-27
0180856377,Female,1997-08-06
0631972906,Female,1999-02-14
0931845205,Female,1999-01-21
0991531159,Male,1992-09-20
0275518813,Female,1983-05-09
0784615846,Male,2008-07-08
0228332732,Female,2014-03-14
0997615296,Female,2002-06-01
0674101258,Female,1978-06-06
0906862317,Male,1971-08-16
0503406742,Female,2006-01-21
0796795684,Female,1973-07-10
0305481655,Male,1995-09-26
0800361959,Male,1990-03-01
0347350031,Male,2004-12-04
0603356476,Male,2012-03-16
0739941901,Male,1999-07-15
0518165325,Female,2008-11-10
0222522001,Female,1976-06-22
0292650362,Female,2004-11-15
0940809229,Female,1971-06-30
0464146600,Female,1974-09-28
0415465286,Female,1989-04-18
0643122570,Male,1970-08-31
0101089548,Female,1981-01-19
0800361959,Female,1978-02-01
0571796141,Male,1992-09-14
0431742730,Male,1991-08-28
0634111943,Male,1989-12-02
0113389499,Female,1993-05-06
0565319479,Female,1985-02-25
0538530777,Female,1992-12-06
0446231538,Female,1978-09-27
0823992988,Female,2012-01-31
0889999539,Male,1989-01-19
0113904299,Male,1974-06-05
0836031045,Female,2008-05-24
0533894573,Female,2012-03-05
0205218173,Female,2010-05-27
0236614339,Male,1993-03-21
0663175140,Male,1987-05-12
0897631934,Male,1993-08-27
0165098057,Male,1995-07-10
0615754372,Male,1996-06-04
0572570977,Female,1974-05-07
0453765698,Female,1973-01-28
0372453492,Female,1997-07-08
0615754372,Female,2008-09-14
0781333712,Male,2012-04-04
0316792725,Female,1972-01-09
0247784937,Female,2010-01-04
0618644098,Female,1971-12-10
0803037198,Female,2012-11-25
0161591593,Male,1984-02-27
0680902664,Male,2009-02-01
0666214165,Female,2011-03-04
0453765698,Female,1988-04-29
0501272148,Male,1973-11-28
0154903825,Female,2004-07-24
0565923029,Male,2014-02-06
0434026871,Female,1992-09-04
0857625576,Female,1994-10-22
0769471127,Male,2006-11-30
0810369846,Male,1997-05-29
0877041451,Female,2006-03-19
0808632302,Female,2010-04-07
0913871454,Male,1997-09-27
0686093931,Male,2002-11-07
0155690229,Female,2008-10-25
0705182965,Female,1994-10-25
0751899544,Male,1995-01-04
0127571969,Male,2011-05-11
0742976473,Male,2012-09-01
0511523919,Female,1997-09-20
0485406190,Female,2007-05-30
0307479771,Female,1974-07-10
0848826097,Male,1995-06-09
0484204220,Female,2000-10-14
0750586048,Female,1979-10-11
0501925200,Female,2013-10-17
0124488942,Male,2012-07-06
0546625026,Male,1990-07-19
0517017257,Female,2010-12-08
0316303336,Female,1970-10-14
0225912525,Male,2004-03-13
0568129353,Female,2001-03-20
0738440791,Female,1994-02-18
0275029895,Male,1974-03-06
0309381733,Male,1982-05-12
0305669217,Male,1979-11-07
0917025875,Male,1980-12-24
0595309537,Female,1986-01-09
0256181685,Male,2015-07-31
0860595871,Male,1981-06-06
0843224174,Female,1992-01-08
0956649914,Female,1976-03-17
0402348727,Female,1993-08-11
0892640037,Male,2012-05-04
0167756078,Female,2009-10-20
0365777587,Male,2015-01-03
0316656144,Female,1993-10-25
0497848626,Female,1982-10-14
0532724679,Female,2010-12-08
0365594056,Male,2006-12-18
0945716003,Female,1995-11-16
0215192072,Female,2003-02-11
0686093931,Male,1975-06-18
0549103251,Male,1977-08-01
0997615296,Male,2009-09-16
0964954270,Female,2012-01-26
0274911195,Female,1991-07-31
0453684718,Female,1972-07-22
0440431653,Male,2006-12-27
0368650649,Male,1971-08-27
0471882799,Male,1999-11-11
0904244124,Female,1974-06-04
0563110584,Male,1984-03-21
0373743898,Female,1976-04-24
0934231383,Female,2004-01-14
0810485424,Male,1986-11-20
0436181561,Male,1982-09-26
0259574852,Male,1983-10-05
0893881756,Male,1970-09-16
0645975332,Female,1978-12-28
0608365339,Female,2010-07-03
0877041451,Male,2004-09-12
0533894573,Male,1998-02-02
0427544924,Male,1976-04-11
0985511242,Female,2001-09-28
0641521867,Male,2002-01-25
0411350771,Male,2013-05-17
0459962599,Female,1993-10-06
0656831393,Female,2008-06-04
0374120485,Female,1972-11-27
0751377468,Female,1980-11-01
0372013609,Female,2008-07-08
0158830252,Male,2011-10-28
0951418974,Male,1999-02-24
0569867780,Male,1979-08-01
0191103918,Male,1993-05-21
0991531159,Male,1999-01-21
0953854552,Male,2013-09-26
0162018119,Male,1979-12-03
0877703368,Female,2010-10-23
0314267333,Female,2015-12-27
0967790625,Male,2011-08-16
0379085745,Male,1995-11-23
0374120485,Female,2012-06-06
0972853622,Female,1986-09-16
0972824118,Male,2000-02-12
0250614396,Male,1980-11-05
0104422640,Male,1996-04-12
0822747822,Female,1992-02-25
0679702721,Male,1983-10-24
0310145044,Female,2012-06-05
0362481599,Female,2008-01-01
0972853622,Male,1997-11-04
0526219725,Female,2007-01-14
0173338715,Male,1985-06-29
0817488421,Female,1975-08-07
0386577296,Male,1991-04-05
0165898073,Female,2012-01-20
0460784100,Male,1986-11-29
0104503091,Male,1975-05-28
0247784937,Female,1993-06-22
0179897168,Female,1994-10-17
0358005853,Female,1978-05-27
0187930800,Male,2013-02-06
0835427396,Female,2007-03-05
0703603150,Male,2000-03-15
0222608455,Male,1972-04-07
0505583200,Female,1995-06-29
0652458388,Female,2001-09-25
0601599221,Male,2006-11-19
0660089233,Female,2004-02-14
0362519389,Male,1973-11-17
0968030332,Male,2001-04-01
0897369709,Male,1973-03-17
0501272148,Female,1995-10-25
0644582950,Male,1978-09-09
0699882824,Male,1974-08-06
0419674032,Female,1999-06-16
0245290186,Female,2010-01-10
0610028153,Female,1970-09-28
0875267075,Male,1979-09-04
0438640196,Female,2015-06-28
0378612144,Female,1978-06-06
0625983901,Male,1970-03-25
0654523022,Female,1988-01-20
0860595871,Male,1979-02-10
0621343968,Male,2000-07-08
0448478519,Male,1985-04-28
0956592770,Male,1995-07-20
0963984845,Male,1987-01-23
0198100832,Male,2006-03-19
0810823161,Male,2010-07-25
0729991011,Male,1974-06-09
0334149716,Male,1981-10-25
0942874846,Male,1970-06-28
0679854653,Male,2013-11-10
0717760922,Male,1993-09-18
0956643101,Male,2008-10-23
0593821991,Male,1999-11-13
0387283118,Female,1990-08-17
0862102114,Female,1975-10-06
0395606036,Male,1975-02-18
0821493134,Female,2006-05-07
0594751589,Male,2005-06-12
0538530777,Female,2015-01-13
0640495956,Female,2014-10-19
0780864616,Female,1981-11-02
0553442763,Male,2007-02-19
0740368578,Male,1995-05-14
0753623740,Female,2002-04-19
0497720115,Female,2013-03-25
0611814096,Male,2002-10-24
0960857041,Female,1978-10-08
0894562020,Female,1988-12-15
0134870211,Female,1983-12-03
0131719663,Male,2009-06-16
0182629220,Female,2009-05-19
0927089521,Male,1990-11-16
0543047857,Female,2007-01-10
0608726213,Male,2013-09-14
0641594547,Female,2001-07-28
0988775468,Male,1983-10-30
0433350798,Female,2001-06-07
0998675844,Female,2011-07-09
0728514569,Female,2007-06-27
0145296983,Male,2012-03-17
0655880853,Female,1987-12-06
0686037223,Female,1985-08-14
0792747189,Male,1997-04-02
0248760606,Male,1974-08-19
0161045872,Male,1990-05-12
0779329511,Male,1972-08-27
0593821991,Male,1980-12-11
0904425677,Female,2010-04-20
0159594971,Female,2009-09-16
0899172420,Female,1979-09-23
0164343834,Male,1988-02-15
0727351549,Male,2002-12-06
0809677727,Female,1995-07-19
0654523022,Male,2009-01-04
0258077834,Male,2006-04-12
0787568782,Female,1994-06-04
0705756041,Female,2012-07-23
0788609530,Female,1990-03-04
0543791629,Female,2000-05-09
0333566413,Male,1988-12-18
0379289128,Female,2009-02-12
0196683371,Female,1978-12-24
0410915416,Female,1978-12-06
0267928671,Male,1987-02-16
0738440791,Male,1999-11-02
0895972022,Male,1986-03-30
0134840340,Male,2014-05-24
0465352920,Male,2008-10-14
0894370613,Female,1977-11-20
0185980898,Female,2011-09-24
0484204220,Female,1992-07-10
0585098986,Male,1998-02-02
0972853622,Male,2011-11-09
0882885039,Male,1988-08-26
0490404932,Female,2006-04-15
0346530025,Male,1998-01-31
0567053773,Female,1987-07-22
0941983304,Male,1988-10-10
0699882824,Male,1970-02-04
0184438668,Female,1983-01-06
0176780511,Female,1998-02-16
0550062322,Male,1988-08-30
0876186722,Female,1988-03-23
0825704694,Male,2015-06-11
0496037229,Male,1982-09-24
0341860875,Female,1970-12-03
0682862951,Male,2005-09-20
0103521117,Male,2011-10-02
0344343264,Male,1980-03-24
0768933020,Female,1992-10-12
0678915766,Male,1995-06-14
0104422640,Female,2001-08-24
0283603825,Female,1989-09-25
0102230420,Male,2002-04-03
0746395541,Male,1999-09-21
0578685831,Male,1973-02-06
0375035396,Male,2005-02-17
0719433164,Female,2008-10-29
0601829534,Female,2006-09-15
0428844403,Male,1994-06-20
0668184478,Male,1992-04-01
0213041361,Female,1980-11-04
0387283118,Female,1991-04-13
0851690460,Male,1978-05-18
0105289402,Male,2012-05-22
0782671715,Male,1996-10-13
0780892751,Male,1979-07-04
0286671151,Female,1978-05-19
0762756028,Female,2007-12-20
0115410277,Male,1982-05-08
0675480304,Female,1992-11-22
0568170495,Male,2008-04-21
0542393882,Male,1999-03-08
0590983380,Female,2013-02-08
0629551345,Female,2010-08-16
0469119364,Male,1980-02-23
0377381842,Female,1975-07-25
0534672672,Male,2003-08-16
0284122786,Female,1992-08-27
0519016673,Male,1994-04-25
0293155398,Male,1975-04-11
0130436513,Female,2007-07-01
0906056682,Female,2006-11-18
0217020550,Male,2007-10-02
0164415260,Female,1999-11-03
0405486141,Male,1983-11-14
0469119364,Male,1975-05-05
0758674182,Male,1993-03-23
0538427941,Male,2011-08-05
0332141164,Male,2008-02-28
0691479815,Female,1981-03-04
0517030417,Female,2009-02-11
0504329082,Female,1983-02-19
0555345883,Male,1982-03-05
0820034737,Female,1985-08-15
0151663571,Female,1992-04-12
0457326808,Female,1991-07-26
0625606654,Female,1974-05-30
0321981591,Male,1991-04-30
0822723833,Male,1975-03-07
0807322571,Female,2005-03-30
0171680618,Male,2011-03-22
0979359304,Female,2004-05-21
0132172514,Female,2007-01-14
0638510302,Female,1981-07-12
0895972022,Male,2007-02-19
0341178432,Female,1995-05-15
0665396551,Male,2005-12-13
0435321829,Female,1983-10-20
0762587244,Male,1986-05-13
0352082312,Female,1976-07-04
0465566018,Female,2013-02-08
0723150528,Male,1999-01-22
0202740326,Male,1976-03-12
0113389499,Female,2003-05-02
0463392917,Female,1997-08-13
0229570513,Male,1975-10-01
0913043948,Male,2005-01-11
0640691295,Male,1974-07-19
0395545958,Male,1977-11-19
0643398781,Male,1995-04-25
0416641200,Male,1994-03-23
0292650362,Female,1974-08-15
0645334362,Male,1984-04-13
0938833188,Male,1992-03-16
0867867726,Male,2014-11-08
0520959636,Female,1991-09-19
0190991498,Male,2001-08-18
0490280999,Male,1978-03-26
0337182111,Male,1990-12-28
0870730703,Female,1973-06-08
0790531289,Female,1991-11-03
0320653403,Female,1999-12-10
0882885039,Male,2005-02-14
0893596491,Male,2000-09-21
0517792720,Male,1978-02-03
0633314539,Male,1985-09-17
0427823759,Male,2001-10-28
0541985603,Female,1981-02-05
0103267178,Male,2011-04-16
0110703417,Male,1998-04-29
0837999725,Male,1975-10-14
0319134336,Female,1975-12-01
0255179261,Male,2011-11-14
0515726527,Female,2007-07-13
0829622006,Male,1982-04-15
0262471979,Male,2003-06-29
0627452640,Male,2014-04-04
0971514254,Male,2005-06-22
0286539158,Male,1994-08-01
0306445916,Female,2006-12-08
0231883361,Female,1972-10-16
0421669867,Male,2001-10-09
0654154809,Male,1989-02-15
0567367482,Female,1978-12-17
0184008156,Female,1977-04-18
0986023601,Male,2014-07-24
0678673108,Male,1970-03-27
0621290354,Female,2001-11-30
0212412185,Female,1978-10-12
0986023601,Female,2012-05-08
0446231538,Male,1979-12-07
0792747189,Female,1999-05-09
0345680748,Male,2013-02-24
0683413732,Female,1996-09-08
0962710149,Male,2002-02-22
0658063966,Female,1975-11-04
0182441542,Female,1980-09-29
0732227569,Female,1994-07-27
0484517043,Male,1989-06-18
0239721624,Female,1998-03-24
0100130890,Male,1995-07-07
0942649699,Male,1971-03-23
0134870211,Male,1987-05-19
0940411797,Female,1970-11-16
0403205831,Female,1978-09-12
0582100602,Male,2001-03-08
0484119129,Male,2008-09-03
0579513917,Male,1993-08-05
0674304474,Female,2004-08-22
0853236242,Male,1999-09-17
0247931913,Male,1972-03-30
0506339826,Female,1991-07-06
0883717494,Female,1992-11-23
0511523919,Male,1984-06-11
0883273597,Male,1999-07-15
0419674032,Male,1978-03-16
0930994175,Male,2013-11-12
0240906743,Female,1999-10-13
0264832366,Male,2009-04-13
0550652297,Male,1999-12-25
0663175140,Female,1976-05-24
0399922617,Male,1973-02-28
0851169860,Male,2009-09-02
0101872029,Male,1983-04-09
0837925442,Female,1996-03-29
0231883361,Male,1972-05-27
0250614396,Female,1976-06-02
0592493747,Female,2001-06-07
0836031045,Male,1994-01-25
0793261586,Female,1988-12-31
0892826054,Male,1977-11-24
0553265274,Female,1983-10-27
0652003712,Male,2011-11-21
0255179261,Male,1976-05-10
0954554404,Male,1981-04-04
0286947732,Female,1990-01-22
0715700484,Male,1989-09-04
0877041451,Male,1985-05-20
0807555424,Female,2011-07-02
0155153407,Female,2008-02-19
0512324218,Female,1972-05-30
0225912525,Male,1991-01-21
0883152189,Male,1980-08-26
0633314539,Male,1980-01-23
0549103251,Female,2012-05-19
0913043948,Female,1974-04-18
0252001871,Male,1987-02-27
0821493134,Male,2011-08-08
0417721949,Male,2002-04-30
0155690229,Female,2012-07-15
0968444497,Female,1984-02-28
0778478229,Male,1978-08-20
0975510476,Female,2005-09-14
0326642642,Male,2000-02-21
0636159534,Female,2003-01-31
0645672988,Male,1984-03-04
0232174868,Female,1970-05-03
0769485353,Male,2002-06-08
0298098265,Female,1972-02-16
0963615318,Male,1977-07-30
0998556578,Female,2007-09-18
0358508003,Male,1973-03-27
0753710785,Male,1988-01-31
0360007485,Male,1987-06-03
0336216398,Female,1973-07-22
0246184754,Male,1987-01-24
0635028300,Male,1971-12-15
0553637665,Female,1978-06-22
0815944607,Male,2003-04-19
0999258356,Male,2001-01-10
0270536368,Male,1979-05-23
0400285005,Female,1992-08-07
0934065627,Male,2015-12-22
0775701475,Female,2007-04-18
0784615846,Male,1975-05-07
0831492789,Female,2001-08-04
0243134888,Female,1990-05-24
0182437885,Female,1994-07-22
0475232006,Female,2002-03-05
0484538783,Female,2006-08-06
0190991498,Male,2009-11-23
0833765913,Male,1975-06-05
0906734011,Male,2011-01-14
0329698436,Female,2002-09-01
0570894637,Female,2002-04-24
0815797745,Female,1973-05-08
0898940798,Male,2007-08-11
0901382594,Male,1976-09-12
0199362708,Male,2011-05-23
0960270651,Male,1987-01-17
0762756028,Female,1990-03-29
0941036677,Female,1987-04-23
0145628288,Female,2012-10-02
0882885039,Male,1997-04-09
0583252324,Male,2009-05-28
0176780511,Male,2014-07-13
0530990969,Female,2004-12-22
0834834604,Female,2006-12-07
0122536811,Female,2009-01-17
0697373095,Female,2009-05-20
0114209054,Female,2012-11-13
0631007419,Female,1970-09-03
0184438668,Male,2000-02-08
0243367936,Female,1980-12-30
0382872646,Female,1993-06-21
0351180039,Female,2015-03-10
0585337752,Male,1996-03-22
0302198808,Male,2005-03-06
0497720115,Male,2010-06-25
0443412997,Male,2006-11-06
0801172960,Female,1988-11-11
0212412185,Male,1987-10-06
0831492789,Male,2000-01-20
0616342393,Male,1972-03-19
0240906743,Female,1988-08-24
0594751589,Male,1970-07-30
0386577296,Male,1985-02-07
0223353257,Female,1977-02-10
0438640196,Male,1974-06-19
0512324218,Female,2008-02-06
0968267337,Male,1992-09-10
0571004517,Male,1984-06-27
0145388224,Female,2003-03-02
0874706570,Male,1990-05-31
0751109848,Female,1986-06-25
0893421967,Female,1995-02-08
0383795485,Male,2002-01-09
0909658339,Female,1974-10-16
0663358621,Male,1975-03-10
0781333712,Female,1974-02-23
0264046640,Female,1998-03-17
0145296983,Female,1995-08-05
0275029895,Male,1974-04-06
0523620162,Male,1975-04-21
0490425569,Female,2014-08-11
0114209054,Male,1998-04-25
0442609818,Male,2003-06-04
0123855960,Female,1978-04-16
0834834604,Male,1974-04-23
0331444140,Female,2004-01-01
0616464444,Male,2001-12-27
0663389873,Male,2008-03-21
0484538783,Female,2007-10-03
0843476236,Male,1970-12-27
0475232006,Male,1973-03-26
0963705022,Male,1978-09-19
0783958870,Female,1980-09-07
0710318025,Female,2001-08-09
0286539158,Male,1973-03-17
0428844403,Female,1983-04-04
0327072616,Male,2008-06-25
0824100294,Female,1990-05-12
0113389499,Female,2009-11-01
0734984462,Male,2001-06-02
0853236242,Male,2006-08-01
0293166637,Male,1972-02-16
0508922844,Female,2001-12-09
0338485688,Male,2000-10-29
0459894523,Male,1987-11-14
0922461459,Female,1985-08-24
0104722061,Female,2006-04-01
0837061974,Female,1994-07-05
0721266059,Female,1999-06-11
0879597668,Male,1989-03-12
0331590969,Male,1972-11-23
0641594547,Male,1982-03-01
0237146383,Male,2001-08-28
0230619695,Male,2006-08-08
0654154809,Female,1987-06-17
0601829534,Female,1998-03-06
0584964786,Female,1996-12-03
0373300376,Female,1973-02-26
0103267178,Female,1992-05-14
0191553286,Female,2003-09-04
0131544791,Male,1973-02-10
0635028300,Female,1992-02-10
0256602335,Male,2005-06-09
0950227893,Female,2014-03-31
0920090234,Female,1994-07-28
0562907692,Male,1976-10-20
0446271772,Female,1980-11-22
0100657606,Female,1977-04-07
0642723133,Male,2012-08-10
0223289573,Male,2011-12-30
0157887354,Female,2005-03-07
0363058013,Male,1972-12-09
0635920305,Female,1978-01-26
0586898103,Female,1998-11-06
0705182965,Male,1994-06-06
0783407082,Male,1970-07-02
0433350798,Male,1985-11-18
0975131519,Female,1981-10-24
0682658798,Male,1998-05-03
0307479771,Male,1981-09-25
0389376337,Female,1970-07-08
0110111768,Male,2006-02-27
0492680265,Male,2002-05-22
0100144478,Male,2013-11-01
0719245219,Male,1997-07-01
0492143865,Male,2011-10-24
0331290757,Female,1987-03-29
0265220222,Male,1972-03-31
0284938420,Male,2001-05-28
0815944607,Female,2015-03-15
0701979383,Male,1978-05-04
0295085173,Male,2001-10-21
0350585960,Female,2003-10-04
0454548602,Male,2000-05-17
0505583200,Female,2000-03-12
0171680618,Male,1971-12-01
0578685831,Male,2006-08-18
0546625026,Female,1978-07-03
0341860875,Female,1986-08-17
0142105936,Male,2014-06-17
0693359200,Male,2013-02-25
0460784100,Female,1994-07-20
0174848593,Male,2013-10-21
0259395934,Female,2007-09-08
0199647249,Male,1993-10-09
0357075738,Female,1997-01-02
0170072810,Female,1999-05-09
0680494695,Male,2012-10-20
0141211473,Male,1993-12-25
0998675844,Female,2005-12-05
0711258024,Male,1986-09-02
0284751239,Female,2006-03-28
0475058464,Female,1990-11-13
0415465286,Male,1986-05-11
0258077834,Female,2014-06-29
0242209509,Female,2009-11-12
0867867726,Female,1972-05-15
0366480510,Female,1982-01-18
0115462420,Male,1973-05-02
0808632302,Male,1997-02-23
0837925442,Male,1990-10-20
0765671179,Male,1999-10-15
0519336022,Male,1982-01-10
0636159534,Male,2006-02-03
0249693896,Female,2009-06-11
0512503030,Male,2015-01-28
0735213872,Male,1988-02-14
0633314539,Male,1985-11-27
0792853552,Female,2011-02-13
0831757534,Female,2001-07-07
0624101302,Male,1970-07-14
0444498504,Male,1989-06-04
0832666159,Male,2005-11-29
0300882748,Female,1997-07-24
0913043948,Female,1997-01-29
0867867726,Female,2012-12-08
0490894749,Female,2015-05-15
0450144704,Male,1971-04-04
0914030144,Male,2002-07-02
0693757516,Female,2014-02-13
0707308074,Female,1999-04-27
0910087722,Male,2014-06-02
0165898073,Male,1979-06-16
0624027324,Male,2002-05-20
0167281440,Female,2001-01-06
0854455475,Male,1997-10-19
0950227893,Male,2015-08-30
0751109848,Female,2008-07-12
0313295314,Female,2011-06-30
0957577696,Male,2009-04-11
0485406190,Male,1992-11-21
0255101351,Female,1970-05-19
0222608455,Male,2010-06-22
0389157518,Female,1982-08-05
0599140038,Male,2011-11-27
0423707441,Male,1988-10-04
0176446268,Female,2005-06-01
0501463320,Female,1976-06-04
0868782659,Male,1979-01-18
0517913854,Female,2008-06-21
0706579828,Female,1975-09-07
0354530613,Female,2014-06-13
0316792725,Male,1989-01-25
0582831145,Male,1972-02-26
0335172760,Male,1999-04-23
0333388093,Male,2014-12-18
0693231495,Male,1982-05-08
0502099863,Male,2007-09-14
0429835124,Male,2004-11-07
0901093250,Male,1993-04-30
0642906736,Female,2006-11-19
0677448035,Male,1996-10-09
0879169094,Male,1987-12-02
0406066365,Female,1986-01-17
0950620986,Male,1972-01-21
0931845205,Female,2001-12-21
0200139021,Female,1987-01-08
0989764776,Female,1970-05-10
0165898073,Male,1976-07-13
0884224391,Male,2012-11-15
0383085020,Female,1984-08-10
0393061121,Female,1974-03-20
0769485353,Female,1987-03-28
0510864011,Female,1993-05-31
0769485353,Male,1978-09-30
0769471127,Male,1979-01-06
0689168041,Female,1982-12-25
0517522512,Female,1987-10-02
0306902331,Male,2003-02-13
0683167785,Female,2009-08-23
0389573648,Male,1993-11-13
0265129175,Female,2014-01-24
0183873800,Male,2005-10-15
0618644098,Female,1998-05-18
0174848593,Female,1985-06-25
0974021198,Male,2014-10-07
0157177751,Male,1989-05-12
0561480096,Male,1991-10-08
0158670381,Male,1970-12-25
0875950806,Female,1970-08-29
0766423766,Female,1977-04-08
0100680419,Female,2010-08-04
0187469119,Female,1994-06-03
0732802223,Female,1999-04-18
0641594547,Female,1978-06-30
0807322571,Male,1980-07-08
0647021003,Male,2008-11-19
0753623740,Female,1997-07-26
0809724018,Male,1973-06-14
0599806643,Male,1973-07-28
0941036677,Female,1987-09-20
0957433206,Male,1985-04-17
0429289604,Male,1999-10-02
0442272813,Female,1985-09-03
0475118250,Male,2006-02-03
0338171572,Female,1980-11-05
0894562020,Male,1994-07-24
0579183422,Male,1970-12-26
0113389499,Male,1970-04-28
0100144478,Male,2003-02-16
0711030838,Male,1986-08-11
0535005794,Female,1970-07-19
0546625026,Male,1997-02-06
0742498391,Male,1980-05-26
0120642419,Female,1996-03-16
0524088443,Male,1972-10-08
0150728882,Female,2001-04-14
0916573768,Male,1984-09-19
0912210729,Female,1999-01-29
0150728882,Male,1985-06-07
0997087195,Male,2000-07-14
0465566018,Male,1972-01-27
0820034737,Female,1992-12-25
0387283118,Female,2005-04-01
0518165325,Male,1980-06-20
0504949653,Female,1993-09-22
0918543783,Female,1993-08-21
0883079791,Male,1978-10-21
0312015521,Male,1977-09-23
0113904299,Female,2015-08-04
0122797778,Male,2011-04-05
0929342201,Female,2008-02-19
0656637358,Female,1982-09-15
0115361828,Female,1980-09-24
0134870211,Female,1976-07-02
0546006755,Male,2002-08-13
0248144138,Male,2006-01-21
0172645189,Female,2011-09-23
0919347820,Male,1980-11-03
0667244935,Male,1976-09-06
0212562483,Male,2011-05-13
0584665408,Male,1980-04-16
0621343968,Female,1972-01-18
0836879316,Female,1980-04-13
0359912231,Female,2011-09-12
0518636434,Male,2004-06-28
0604905432,Male,2008-04-24
0646922110,Female,1982-12-06
0168004438,Female,2009-05-25
0140918765,Male,2014-04-02
0155283678,Female,1970-10-02
0957735152,Female,1970-08-07
0329486675,Male,1997-06-12
0382394484,Male,1991-12-25
0585337752,Female,1993-04-12
0742976473,Female,2012-09-13
0433845640,Female,1981-09-22
0345680748,Female,1979-08-23
0870730703,Male,1977-10-12
0681774676,Female,2010-03-20
0762587244,Female,2005-10-26
0189460126,Female,1990-02-24
0182437885,Male,1978-11-23
0758763675,Male,1989-10-15
0262000258,Male,1992-02-17
0615632276,Male,1988-01-06
0915828191,Female,2007-10-31
0293166637,Male,2011-04-08
0145628288,Male,2005-03-28
0329698436,Male,2014-12-09
0316499354,Female,2005-04-06
0555345883,Female,2006-09-23
0652003712,Female,2003-04-26
0191709740,Male,1978-06-02
0444477755,Female,2002-08-13
0883079791,Female,1983-12-02
0268593461,Male,1998-05-27
0380166288,Male,1991-11-12
0534681231,Female,1991-11-26
0417721949,Male,1991-09-24
0786096378,Male,2010-01-01
0228143319,Female,1987-09-03
0394727255,Male,1990-10-24
0413157380,Male,1989-01-26
0717162135,Male,1987-06-29
0597694728,Male,1984-11-28
0941675109,Female,2010-06-28
0892640037,Female,2004-07-02
0912863823,Male,2003-01-09
0444477755,Female,2009-08-28
0964793351,Female,1983-02-27
0419674032,Male,1973-08-15
0700297007,Female,2007-02-12
0394727255,Male,2001-12-22
0753623740,Male,1975-06-15
0592493747,Male,1994-02-05
0680494695,Female,1981-06-09
0258077834,Female,2014-03-28
0614760557,Male,1975-12-26
0991620059,Female,2011-12-17
0759373038,Female,1972-01-28
0875686787,Male,1986-04-19
0306236855,Male,1999-12-13
0109457396,Male,1971-05-11
0460784100,Male,2000-09-30
0153557915,Female,2001-11-13
0857045096,Male,1973-07-07
0145296983,Female,2007-06-26
0717760922,Male,2000-07-20
0463293196,Male,1985-10-31
0278134577,Female,1995-02-05
0140255939,Male,2015-05-16
0389376337,Female,1975-05-24
0744117428,Male,1989-10-28
0329698436,Female,1989-06-16
0345721835,Female,1984-07-08
0681670506,Male,1970-01-19
0169470936,Female,1992-11-21
0327166709,Female,2004-02-09
0237854441,Male,1978-02-02
0343305685,Female,1984-03-02
0341829102,Male,1983-04-07
0155975913,Female,1972-09-18
0896989855,Male,1982-12-19
0604905432,Male,1973-10-14
0256181685,Male,2011-11-13
0840058276,Male,1988-03-31
0670938444,Female,1983-03-05
0481819905,Male,2012-02-20
0459673004,Male,1987-02-03
0810900117,Male,2009-04-03
0584766821,Male,1981-11-04
0565319479,Male,1970-03-08
0968267337,Male,2012-11-27
0997087195,Female,1996-08-18
0258077834,Male,1971-12-26
0852957216,Male,2010-10-16
0296718862,Male,1972-09-06
0464108207,Male,2015-02-23
0847904226,Female,2000-10-17
0817962648,Female,2007-12-13
0155690229,Female,2008-05-28
0715060812,Female,1980-05-26
0787925955,Female,2008-07-07
0686037223,Male,1982-02-25
0967790625,Male,2010-07-03
0402348727,Female,1987-06-18
0158690504,Female,2007-11-09
0484517043,Male,2003-03-21
0238770991,Male,1988-02-04
0390480277,Female,1986-06-23
0577980460,Male,1998-07-26
0871742465,Male,1992-12-21
0102926142,Male,1991-12-01
0259275236,Male,1990-05-13
0599996035,Female,1988-05-08
0207615533,Male,2014-06-02
0313843101,Female,1975-03-21
0417125977,Male,1970-05-14
0681938273,Female,1979-09-13
0378913662,Male,2011-12-08
0722295305,Female,2002-05-27
0663358621,Female,1986-04-04
0796795684,Male,2000-12-25
0234351481,Male,2010-11-19
0375035396,Female,1970-11-09
0877041451,Female,2008-07-04
0249212408,Female,2006-07-08
0457238109,Male,1999-08-13
0282900333,Female,1976-02-14
0454800102,Female,1978-05-13
0672157331,Female,1982-05-29
0584964786,Male,1982-08-31
0993825061,Male,1994-07-23
0518878926,Female,1973-03-16
0734984462,Male,1987-02-08
0820034737,Female,1983-06-21
0739684990,Male,2011-10-24
0485436661,Female,1998-11-14
0425919374,Female,1972-08-13
0603927014,Female,2005-10-13
0758763675,Male,1998-03-04
0475788082,Female,1997-03-12
0951418974,Male,1980-03-08
0833783958,Male,1975-01-11
0805121931,Female,1998-10-11
0555345883,Female,2004-08-08
0558795625,Female,1986-02-09
0216559647,Male,1982-03-08
0657006683,Female,1983-11-28
0279975203,Male,1995-02-13
0363058013,Male,1999-03-04
0484204220,Male,1983-04-10
0963044704,Male,1992-09-24
0568170495,Female,1999-01-04
0903603425,Female,1994-01-18
0268593461,Male,1972-10-18
0871742465,Male,1972-07-07
0667649673,Female,1980-12-06
0122797778,Male,1985-06-16
0253622450,Female,1987-03-17
0141657459,Male,1995-10-14
0825866890,Male,2013-07-28
0258077834,Female,2007-03-11
0516261164,Male,2011-12-20
0187930800,Male,2003-08-24
0786096378,Male,1985-05-29
